{
    "OROATP": 0.0084037252,
    "MN2t": 2.462e-06,
    "ZN2t": 2.95259e-05,
    "MG2t": 4.26522e-05,
    "SLIME_assembly_generic_lipid": 0.0078824321,
    "SLIME_assembly_generic_backbone": 0.0078824321,
    "SLIME_assembly_generic_chain": 0.0152018334,
    "SLIME_rxn_pc_SC_c": 0.0013557783,
    "SLIME_rxn_pa_SC_c": 0.0007882432,
    "SLIME_rxn_pe_SC_c": 0.0014109554,
    "SLIME_rxn_ps_SC_c": 0.0001734135,
    "SLIME_rxn_ptd1ino_SC_c": 0.0019233134,
    "SLIME_rxn_12dgr_SC_c": 0.0003389446,
    "SLIME_rxn_triglyc_SC_c": 0.0005438878,
    "SLIME_rxn_dummy_ergstest_head_c": 0.0013478959,
    "SLIME_chain_C10_0_to_metabolite": 0.000105039,
    "SLIME_chain_C12_0_to_metabolite": 0.0003607226,
    "SLIME_chain_C14_0_to_metabolite": 0.0011332685,
    "SLIME_chain_C16_0_to_metabolite": 0.0011671968,
    "SLIME_chain_C16_1_to_metabolite": -0.0060468051,
    "SLIME_chain_C18_0_to_metabolite": 0.0003006022,
    "SLIME_chain_C18_1_to_metabolite": 0.0001659365,
    "SLIME_chain_C18_2_to_metabolite": 0.0012251664,
    "polyPkinase": 0.113453246,
    "CYSTRSm": 9.2289e-06,
    "CysTransportMitochondria": 1.78218e-05,
    "PROTRSm": 5.43865e-05,
    "SERTRSm": 9.02248e-05,
    "GLYTRSm": 9.0937e-05,
    "ALATRSm": 8.73777e-05,
    "GLUTRSm_glutaminetrna": 2.66353e-05,
    "GatFABm": 2.66353e-05,
    "13GS": 0.0828359836,
    "2DDA7Ptm": -0.0271659099,
    "2OBUTtm": 0.0202567773,
    "2OXOADPtim": 0.0249670238,
    "34HPPt2m": 0.0102848478,
    "3C3HMPtm": -0.0291614232,
    "3C4MOPtm": 0.000187311,
    "3MOBtm": -0.0225610693,
    "3MOPtm": -0.0201192973,
    "5AOPtm": -1.56652e-05,
    "6PGLter": -0.0026957918,
    "AASAD1": 0.0249670238,
    "AATA": 0.0249670238,
    "ABTA": 3.5495e-06,
    "ACACT1m": 0.0080873754,
    "ACALDtm": -0.4064756143,
    "ACCOAC": 0.1082522557,
    "ACGKm": 0.0161130767,
    "ACHBSm": 0.0202567773,
    "ACLSm": 0.0517224926,
    "ACOAHim": 0.1234540891,
    "ACONTm": 0.1804506112,
    "ACOTAim": 0.0161130767,
    "ACS": 0.1642570013,
    "ACtm": -0.1234540891,
    "ADHAPR_SC": 0.0065345362,
    "ADK1": 1.442100291,
    "ADK1m": 0.0043723959,
    "ADK3": -0.7483139728,
    "ADK3m": -0.0026123971,
    "ADPT": 0.0054152309,
    "ADSK": 0.0407993628,
    "ADSL1r": 0.0116442151,
    "ADSL2r": 0.0094343268,
    "ADSS": 0.0116442151,
    "AGAT_SC": 0.0065345362,
    "AGPRim": 0.0161130767,
    "AHCi": 0.0054152309,
    "AHMMPS": 3.5495e-06,
    "AICART": 0.0164236791,
    "AIRCr": 0.0094343268,
    "ALASm": 1.56652e-05,
    "ALATA_L": -0.0371054347,
    "ALATA_Lm": -7.87847e-05,
    "ALATRS": 0.0230078532,
    "ALCD2irm": 0.4064756143,
    "ANPRT": 0.0031357444,
    "ANS": 0.0031357444,
    "ARGSL": 0.0161130767,
    "ARGSS": 0.0161130767,
    "ARGTRS": 0.0146440694,
    "ARGTRSm": 2.81012e-05,
    "ARGt2m": 2.81012e-05,
    "ASAD": -0.0450288716,
    "ASNS1": 0.0166146437,
    "ASNTRS": 0.0165543525,
    "ASNTRSm": 6.02913e-05,
    "ASNt2m": 6.02913e-05,
    "ASPK": 0.0450288716,
    "ASPTA": -0.1690952407,
    "ASPTAm": 0.0429661482,
    "ASPTRS": 0.018362183,
    "ASPTRSm": 2.76973e-05,
    "ASPt2m": 0.0429938455,
    "ATPPRT": 0.0069893523,
    "ATPS": 0.2222989977,
    "ATPS3m": 4.0076557229,
    "ATPtm_H": 3.9843970692,
    "BPNT": 0.0407993628,
    "C14STR": 0.0013478959,
    "C22STDS": 0.0013478959,
    "C24STRer": 0.0013478959,
    "C3STDH1": 0.0013478959,
    "C3STDH2": 0.0013478959,
    "C3STKR1": 0.0013478959,
    "C3STKR2": 0.0013478959,
    "C4STMO1": 0.0013478959,
    "C4STMO2": 0.0013478959,
    "C5STDS": 0.0013478959,
    "C8STI": 0.0013478959,
    "CAT": 0.0472557486,
    "CBPS": 0.0161130767,
    "CCP2m": 0.0945114972,
    "CHORM": 0.0240301654,
    "CHORS": 0.0271659099,
    "CITtam": -0.1121530296,
    "CITtbm": -0.0271659099,
    "CITtcm": 0.1393189395,
    "CO2t": -2.4486584468,
    "CO2tm": -0.5702975381,
    "COAtim": 0.0080873754,
    "CPPPGO": 1.9582e-06,
    "CSm": 0.1804506112,
    "CTPS1": 0.0034058045,
    "CYOOm": 1.7484626991,
    "CYOR_u6m": 3.78045989,
    "CYSS": 0.0407993628,
    "CYSTL": 0.0061512982,
    "CYSTRS": 0.0033904637,
    "CYSt2r": -0.0287905831,
    "CYTK1": 0.0397507366,
    "CYTK2": 0.0003380058,
    "DAGPYP_SC": 0.0008828324,
    "DASYNm_SC": 0.0048634606,
    "DB4PS": 1.32982e-05,
    "DCMPDA": -0.0003380058,
    "DDPAm": 0.0271659099,
    "DHAD1m": 0.0517224926,
    "DHAD2m": 0.0202567773,
    "DHFR": 0.0004385861,
    "DHQS": 0.0271659099,
    "DHQTi": 0.0271659099,
    "DMATT": 0.0026957918,
    "DOLPMMer": 0.0589730634,
    "DOLPMTcer": 0.0589730634,
    "DOLPt2er": -0.0589730634,
    "DPMVD": 0.0080873754,
    "DROPPRy": 6.6491e-06,
    "DRTPPD": 6.6491e-06,
    "DTMPK": 0.0004385861,
    "E4Ptm": 0.0271659099,
    "ENO": 1.3783972654,
    "ERGSTter": 0.0013478959,
    "ERGTETROLter": 0.0013478959,
    "ETOHt": -0.4064756143,
    "ETOHtm": -0.4064756143,
    "FACOAL140": 0.001361296,
    "FACOAL160": 0.0036754993,
    "FACOAL161": 0.0023142033,
    "FACOAL180": 0.000680648,
    "FACOAL181": 0.0032671105,
    "FACOAL182": 0.0012251664,
    "FAS100": 0.0141127966,
    "FAS100COA": 0.0010890368,
    "FAS120": 0.0142178356,
    "FAS120COA": 0.0008167776,
    "FAS140": 0.0145785582,
    "FAS160": 0.0059895224,
    "FAS161": 0.0083610084,
    "FAS180": 0.0003800458,
    "FAS181": 0.003101174,
    "FAS80COA_L": 0.0010890368,
    "FAS80_L": 0.0141127966,
    "FBA3": 0.4998132266,
    "FCLTm": 1.9582e-06,
    "FDH": 0.0012881602,
    "FE2t": 1.05627e-05,
    "FE2utm": 1.05511e-05,
    "FMETTRSm": 6.0854e-06,
    "FMNAT": 5.0764e-06,
    "FORtm": 6.0854e-06,
    "FRDcm": 1.21157e-05,
    "FTHFLi": 8.57683e-05,
    "FUM": 0.0371795029,
    "G3PD1ir": 0.013081454,
    "G3PT": 0.013081454,
    "G5SADs": 0.0154458723,
    "G5SD": 0.0154458723,
    "G6PDH2r": 1.5970070146,
    "G6PDH2er": 0.0026957918,
    "G6Pter": 0.0026957918,
    "GALUi": 0.1441363455,
    "GAPD": 1.4889420211,
    "GARFT": 0.0094378763,
    "GAT2_SC": 0.0065345362,
    "GCALDt": -3.5495e-06,
    "GHMT2r": 0.0377809023,
    "GHMT2rm": 6.0854e-06,
    "GK1": 0.03950678,
    "GLCS2": 0.0378467503,
    "GLCt1": 1.2892448298,
    "GLNS": 0.0792672626,
    "GLNTRS": 0.011445425,
    "GLU5K": 0.0154458723,
    "GLUCYS": 0.0024456464,
    "GLUDxi": 2.0919885151,
    "GLUDy": -2.690329456,
    "GLUPRT": 0.0094378763,
    "GLUTRS": 0.0211436521,
    "GLUTRSm": 2.49359e-05,
    "GLYTRS": 0.0195798325,
    "GLYt2m": 0.0001005168,
    "GMPS2": 0.004779464,
    "GND": 1.5997028064,
    "GRTT": 0.0026957918,
    "GTHS": 0.0024456464,
    "GTPCII": 6.6491e-06,
    "H2Ot": -3.7801520548,
    "H2Oter": -0.0013478959,
    "H2Otm": -7.3580864435,
    "HACNHm": 0.0249670238,
    "HCITSm": 0.0249670238,
    "HCO3E": 0.4425847535,
    "HEX1": 1.2892448298,
    "HICITDm": 0.0249670238,
    "HISTD": 0.0069893523,
    "HISTP": 0.0069893523,
    "HISTRS": 0.006459503,
    "HISTRSm": 3.2533e-05,
    "HISt2m": -3.2533e-05,
    "HMBS": 1.9582e-06,
    "HMGCOAR": -0.0080873754,
    "HMGCOASm": -0.0080873754,
    "HMGCOAtm": -0.0080873754,
    "HMPK1": 3.5495e-06,
    "HSDy": 0.0450288716,
    "HSERTA": 3.5495e-06,
    "HSK": 0.0450253221,
    "HSTPT": 0.0069893523,
    "ICDHyr": 0.1393189395,
    "ICDHym": 0.0411316717,
    "IG3PS": 0.0069893523,
    "IGPDH": 0.0069893523,
    "IGPS": 0.0031357444,
    "ILETA": -0.0201192973,
    "ILETAm": -0.00013748,
    "ILETRS": 0.0198580349,
    "ILETRSm": 0.00013748,
    "IMPC": -0.0164236791,
    "IMPD": 0.004779464,
    "IPDDI": 0.0026957918,
    "IPMD": 0.0291614232,
    "IPPMIa": -0.0291614232,
    "IPPMIb": -0.0291614232,
    "IPPSm": 0.0291614232,
    "KARA1im": 0.0517224926,
    "KARA2im": 0.0202567773,
    "Kt2r": 5.1456e-06,
    "LEUTA": -0.0289741122,
    "LEUTAm": -0.000187311,
    "LEUTRS": 0.0287128498,
    "LEUTRSm": 0.000187311,
    "LNS14DM": 0.0013478959,
    "LNSTLS": 0.0013478959,
    "LPCAT_SC": 0.0005438878,
    "LYSTRS": 0.0249413287,
    "LYSTRSm": 2.56951e-05,
    "LYSt2m": 2.56951e-05,
    "MALtm": -0.0651984402,
    "MAN1PT": 0.0589730634,
    "MAN6PI": -0.0589730634,