{
    "OROATP": 3.0936100000000004e-05,
    "MN2t": 0.0,
    "ZN2t": 1.128e-07,
    "MG2t": 4.2950000000000003e-07,
    "SLIME_assembly_generic_lipid": 0,
    "SLIME_assembly_generic_backbone": 0,
    "SLIME_assembly_generic_chain": 0,
    "SLIME_rxn_pc_SC_c": 0,
    "SLIME_rxn_pa_SC_c": 0,
    "SLIME_rxn_pe_SC_c": 0,
    "SLIME_rxn_ps_SC_c": 0,
    "SLIME_rxn_ptd1ino_SC_c": 0,
    "SLIME_rxn_12dgr_SC_c": 0,
    "SLIME_rxn_triglyc_SC_c": 0,
    "SLIME_rxn_dummy_ergstest_head_c": 0,
    "SLIME_chain_C10_0_to_metabolite": 0,
    "SLIME_chain_C12_0_to_metabolite": 0,
    "SLIME_chain_C14_0_to_metabolite": 0,
    "SLIME_chain_C16_0_to_metabolite": 0,
    "SLIME_chain_C16_1_to_metabolite": 0,
    "SLIME_chain_C18_0_to_metabolite": 0,
    "SLIME_chain_C18_1_to_metabolite": 0,
    "SLIME_chain_C18_2_to_metabolite": 0,
    "polyPkinase": 0.0009000653999999999,
    "CYSTRSm": 3.9936e-06,
    "CysTransportMitochondria": 0,
    "PROTRSm": 1.728e-07,
    "SERTRSm": 3.568e-07,
    "GLYTRSm": 1.656e-06,
    "ALATRSm": 1.0824e-06,
    "GLUTRSm_glutaminetrna": 7.2216000000000004e-06,
    "GatFABm": 3.561e-07,
    "13GS": 0.002662307,
    "2OBUTtm": 8.935099999999999e-05,
    "2OXOADPtim": 0.0001116214,
    "34HPPt2m": 3.592e-07,
    "3C3HMPtm": 0.0001292671,
    "3C4MOPtm": 1.0776e-06,
    "3MOBtm": 0.0002473541,
    "3MOPtm": 8.85877e-05,
    "5AOPtm": 8.98e-08,
    "6PGLter": 1.2976100000000001e-05,
    "AASAD1": 0.0033058575,
    "AATA": 0.0001116214,
    "ABTA": 0.0008817432,
    "ACACT1m": 0.002665605,
    "ACALDt": 0.0003367051,
    "ACCOAC": 0.007202156,
    "ACGKm": 0.0035612557999999996,
    "ACHBSm": 0.0006911639,
    "ACLSm": 0.0017863642999999998,
    "ACOAHim": 0.010842701,
    "ACONTm": 0.0036170527999999998,
    "ACOTAim": 0.0024205312,
    "ACS": 0.0049425295,
    "ACtm": 0.0005945209,
    "ADHAPR_SC": 0.000219483,
    "ADK1": 0.002607612,
    "ADK1m": 1.36575e-05,
    "ADK3": 0.0013854354,
    "ADK3m": 7.627499999999999e-06,
    "ADPT": 1.0516099999999999e-05,
    "ADSK": 0.0011040714,
    "ADSL1r": 0.0023199623999999998,
    "ADSL2r": 0.001676396,
    "ADSS": 0.0024665956,
    "AGAT_SC": 0.0001019292,
    "AGPRim": 0.0035612557999999996,
    "AHCi": 0.013020075,
    "AHMMPS": 0.0,
    "AICART": 7.11564e-05,
    "AIRCr": 0.0018691113999999998,
    "AKGDam": 0.0074079956999999995,
    "AKGDbm": 0.0074079956999999995,
    "ALASm": 8.90478e-05,
    "ALATA_L": 0.0003771392,
    "ALATA_Lm": 0.0012514672,
    "ALATRS": 0.0002207112,
    "ANPRT": 0.00027588,
    "ANS": 0.0024290112,
    "ARGSL": 0.002825226,
    "ARGSS": 0.011838455999999999,
    "ARGTRS": 0.0021388252,
    "ARGTRSm": 2.572e-07,
    "ARGt2m": 1.796e-07,
    "ASAD": 0.005247897,
    "ASNS1": 0.0022299992,
    "ASNTRS": 0.00218553,
    "ASNTRSm": 3.9360000000000003e-07,
    "ASNt2m": 3.592e-07,
    "ASPK": 0.0023490498,
    "ASPTA": 0.00039989359999999995,
    "ASPTAm": 3.616e-07,
    "ASPTRS": 0.0052990751999999995,
    "ASPTRSm": 2.6320000000000003e-07,
    "ATPPRT": 0.0013429745999999998,
    "ATPS": 0.0161907746,
    "ATPS3m": 0.0731837932,
    "ATPtm_H": 0.0017447375999999999,
    "BPNT": 0.0010810168,
    "C14STR": 6.351000000000001e-06,
    "C22STDS": 0.00013552,
    "C24STRer": 0.0001682934,
    "C3STDH1": 0.0003836906,
    "C3STDH2": 0.0003836906,
    "C3STKR1": 0.0002752404,
    "C3STKR2": 0.0002752404,
    "C4STMO1": 4.495e-06,
    "C4STMO2": 4.495e-06,
    "C5STDS": 5.307e-06,
    "C8STI": 3.219e-06,
    "CAT": 0.00027271719999999997,
    "CBPS": 0.0027153168,
    "CHORM": 0.0001230848,
    "CHORS": 0.001151358,
    "CITtam": 0.0002776215,
    "CITtcm": 2.9302e-06,
    "CO2t": 0,
    "CO2tm": 0,
    "COAtim": 3.09519e-05,
    "CPPPGO": 0.0,
    "CSm": 0.015624980000000002,
    "CTPS1": 0.0001840062,
    "CYOOm": 0.0102362274,
    "CYOR_u6m": 0.019065144,
    "CYSS": 4.7555799999999996e-05,
    "CYSTL": 2.02213e-05,
    "CYSTRS": 0.0010719744,
    "CYTK1": 0.0003632859,
    "CYTK2": 1.5266e-06,
    "DAGPYP_SC": 2.6030000000000003e-06,
    "DASYNm_SC": 4.7815199999999996e-05,
    "DB4PS": 0.001598562,
    "DCMPDA": 1.0642e-06,
    "DDPA": 0.0032117110000000003,
    "DHAD1m": 0.0007648472,
    "DHAD2m": 0.00029593,
    "DHFR": 9.284e-07,
    "DHQS": 0.000666528,
    "DHQTi": 0.000666528,
    "DMATT": 0.003018423,
    "DOLPMMer": 0.00011155679999999999,
    "DOLPMTcer": 0.0009904364999999999,
    "DOLPt2er": 0.00027384509999999997,
    "DPMVD": 0.0018832968,
    "DROPPRy": 4.88e-08,
    "DRTPPD": 5.92e-08,
    "DTMPK": 1.9007999999999999e-06,
    "ENO": 0.028698636,
    "ERGSTter": 6.510500000000001e-06,
    "ERGTETROLter": 6.510500000000001e-06,
    "FACOAL140": 1.0147e-05,
    "FACOAL160": 2.7383000000000002e-05,
    "FACOAL161": 1.7236e-05,
    "FACOAL180": 5.0735e-06,
    "FACOAL181": 2.4325000000000002e-05,
    "FACOAL182": 9.1045e-06,
    "FAS100": 0.0062603327,
    "FAS100COA": 0.0017955119,
    "FAS120": 0.0234487653,
    "FAS120COA": 0.0013473386,
    "FAS140": 0.024043511,
    "FAS160": 0.0026580341,
    "FAS161": 2.7807e-05,
    "FAS180": 0.000169122,
    "FAS181": 1.0323000000000001e-05,
    "FAS80COA_L": 0.0017955119,
    "FAS80_L": 0.0062603327,
    "FBA": 0.0216587004,
    "FBA3": 0.005660263400000001,
    "FCLTm": 0.0012663245999999999,
    "FDH": 2.117e-06,
    "FDNG": 4.49e-08,
    "FE2t": 1.1040000000000001e-07,
    "FE2utm": 4.49e-08,
    "FMETTRSm": 4.01e-08,
    "FMNAT": 3.06e-08,
    "FORtm": 4.49e-08,
    "FUM": 0.00026371520000000005,
    "FUMm": 0.009612233599999999,
    "G3PD1ir": 0.0018845809000000002,
    "G3PT": 6.98533e-05,
    "G5SADs": 7.28727e-05,
    "G5SD2": 0.0014100432,
    "G6PDH2r": 0.001907789,
    "G6PDH2er": 1.2976100000000001e-05,
    "G6PI": 0.0012497132,
    "G6PI3": 0.0038438736,
    "G6Pter": 1.2976100000000001e-05,
    "GALUi": 0.000774996,
    "GAPD": 0.053423448000000005,
    "GARFT": 1.64352e-05,
    "GAT2_SC": 5.32059e-05,
    "GBEZ": 0.0006895679999999999,
    "GCALDt": 0.0,
    "GHMT2r": 0.009395111999999999,
    "GHMT2rm": 1.964e-07,
    "GK1": 0.0008792927000000001,
    "GLCt1": 0.0002477995,
    "GLNS": 0.001214192,
    "GLNTRS": 0.0017338488000000001,
    "GLU5K": 1.6478e-05,
    "GLUCYS": 2.01366e-05,
    "GLUDy": 0.0078244176,
    "GLUK": 2.915e-05,
    "GLUPRT": 0.0015099028,
    "GLUTRS": 0.0043264464,
    "GLUTRSm": 1.608e-07,
    "GLYGS": 0.000424669,
    "GLYTRS": 0.0002426268,
    "GLYt2m": 5.837e-07,
    "GMPS2": 0.0016135350000000001,
    "GND": 0.004274349,
    "GRTT": 0.003018423,
    "GTHOm": 0.0009157904000000001,
    "GTHPm": 0.00035043000000000004,
    "GTHS": 0.0006791567999999999,
    "GTPCII": 3.46e-08,
    "H2Ot": 0.0060326524000000005,
    "H2Oter": 0,
    "H2Otm": 0,
    "HACNHm": 0.001857838,
    "HCITSm": 0.0001116214,
    "HCO3E": 0.0018816692,
    "HEX1": 0.0034624,
    "HICITDm": 0.0021500112,
    "HISTD": 0.00202848,
    "HISTP": 2.28805e-05,
    "HISTRS": 3.4780199999999996e-05,
    "HISTRSm": 2.184e-07,
    "HISt2m": 1.796e-07,
    "HMBS": 0.0,
    "HMGCOAR": 9.06015e-05,
    "HMGCOASm": 0.0061050448999999994,
    "HMGCOAtm": 3.89283e-05,
    "HMPK1": 0.0,
    "HSDy": 7.6826e-05,
    "HSERTA": 0.0,
    "HSK": 0.0007984661999999999,
    "HSTPT": 0.000857306,
    "ICDHxm": 0.0100875076,
    "ICDHyr": 0.015270675,
    "ICDHym": 0.0012045462,
    "IG3PS": 0.0013659240000000001,
    "IGPDH": 0.00034925,
    "IGPS": 7.42456e-05,
    "ILETA": 3.57773e-05,
    "ILETAm": 0.00043808860000000004,
    "ILETRS": 0.0026051744,
    "ILETRSm": 1.8036e-06,
    "IMPC": 0.0021173166,
    "IMPD": 0.00016485,
    "IPDDI": 0.00046560789999999997,
    "IPMD": 0.000470923,
    "IPPMIa": 0.000146484,
    "IPPMIb": 0.000146484,
    "IPPSm": 0.0003564202,
    "KARA1im": 0.0034951086,
    "KARA2im": 0.0013524202,
    "Kt2r": 4.49e-08,
    "LEUTA": 5.17621e-05,
    "LEUTAm": 0.0006011258,
    "LEUTRS": 0.0027319759999999997,
    "LEUTRSm": 2.1456e-06,
    "LNS14DM": 0.0008823815999999999,
    "LNSTLS": 1.05995e-05,
    "LYSTRS": 0.002876988,
    "LYSTRSm": 1.728e-07,
    "LYSt2m": 1.347e-07,
    "MALtm": 0.0002434064,