{
    "OROATP": 6.5105e-05,
    "MN2t": 0.0,
    "ZN2t": 2.256e-07,
    "MG2t": 6.872000000000001e-07,
    "SLIME_assembly_generic_lipid": 0,
    "SLIME_assembly_generic_backbone": 0,
    "SLIME_assembly_generic_chain": 0,
    "SLIME_rxn_pc_SC_c": 0,
    "SLIME_rxn_pa_SC_c": 0,
    "SLIME_rxn_pe_SC_c": 0,
    "SLIME_rxn_ps_SC_c": 0,
    "SLIME_rxn_ptd1ino_SC_c": 0,
    "SLIME_rxn_12dgr_SC_c": 0,
    "SLIME_rxn_triglyc_SC_c": 0,
    "SLIME_rxn_dummy_ergstest_head_c": 0,
    "SLIME_chain_C10_0_to_metabolite": 0,
    "SLIME_chain_C12_0_to_metabolite": 0,
    "SLIME_chain_C14_0_to_metabolite": 0,
    "SLIME_chain_C16_0_to_metabolite": 0,
    "SLIME_chain_C16_1_to_metabolite": 0,
    "SLIME_chain_C18_0_to_metabolite": 0,
    "SLIME_chain_C18_1_to_metabolite": 0,
    "SLIME_chain_C18_2_to_metabolite": 0,
    "polyPkinase": 0.0017575656,
    "CYSTRSm": 2.304e-06,
    "CysTransportMitochondria": 0,
    "PROTRSm": 6.912e-07,
    "SERTRSm": 8.920000000000001e-07,
    "GLYTRSm": 2.2080000000000003e-06,
    "ALATRSm": 1.476e-06,
    "GLUTRSm_glutaminetrna": 5.7348e-06,
    "GatFABm": 5.935e-07,
    "13GS": 0.0018212696000000001,
    "2DDA7Ptm": 0.0002104463,
    "2OBUTtm": 0.0001569255,
    "2OXOADPtim": 0.0001933843,
    "34HPPt2m": 7.965259999999999e-05,
    "3C3HMPtm": 0.0002258919,
    "3C4MOPtm": 1.4368e-06,
    "3MOBtm": 0.00017475080000000002,
    "3MOPtm": 0.00015584789999999998,
    "5AOPtm": 1.347e-07,
    "6PGLter": 2.08785e-05,
    "AASAD1": 0.0032319314999999997,
    "AATA": 0.0001933843,
    "ABTA": 0.0006745824,
    "ACACT1m": 0.0026806096000000002,
    "ACALDtm": 0.0031485226999999998,
    "ACCOAC": 0.0062666136,
    "ACGKm": 0.0037714826000000003,
    "ACHBSm": 0.0015923592999999999,
    "ACLSm": 0.0040660074,
    "ACOAHim": 0.0072336572,
    "ACONTm": 0.0008765308,
    "ACOTAim": 0.0021802504,
    "ACS": 0.007459726,
    "ACtm": 0.0009562802,
    "ADHAPR_SC": 0.00022871970000000003,
    "ADK1": 0.0023486711999999997,
    "ADK1m": 1.6965e-05,
    "ADK3": 0.0012187356,
    "ADK3m": 1.01475e-05,
    "ADPT": 1.69054e-05,
    "ADSK": 0.0049623522,
    "ADSL1r": 0.002700164,
    "ADSL2r": 0.0021877016,
    "ADSS": 0.0030901668,
    "AGAT_SC": 0.0001037472,
    "AGPRim": 0.0037714826000000003,
    "AHCi": 0.01628694,
    "AHMMPS": 4.49e-08,
    "AICART": 0.000125292,
    "AIRCr": 0.0020504039,
    "ALASm": 0.0001172664,
    "ALATA_L": 0.0006503416,
    "ALATA_Lm": 0.0010541168,
    "ALATRS": 0.0003905496,
    "ALCD2irm": 0.0005139094,
    "ANPRT": 0.00034827,
    "ANS": 0.0029400896,
    "ARGSL": 0.0033928639999999998,
    "ARGSS": 0.013031256,
    "ARGTRS": 0.001926618,
    "ARGTRSm": 3.215e-07,
    "ARGt2m": 2.245e-07,
    "ASAD": 0.006012207,
    "ASNS1": 0.0039307268,
    "ASNTRS": 0.0023171604,
    "ASNTRSm": 4.92e-07,
    "ASNt2m": 4.49e-07,
    "ASPK": 0.0024428557999999997,
    "ASPTA": 0.0033902966,
    "ASPTAm": 0.0006700448,
    "ASPTRS": 0.0053624618,
    "ASPTRSm": 3.29e-07,
    "ASPt2m": 0.0003330233,
    "ATPPRT": 0.0018383706,
    "ATPS": 0.0256120865,
    "ATPS3m": 0.059410960000000006,
    "ATPtm_H": 0.0057912888,
    "BPNT": 0.0034901062000000003,
    "C14STR": 1.02054e-05,
    "C22STDS": 0.00029013600000000003,
    "C24STRer": 0.0001813955,
    "C3STDH1": 0.0004915665,
    "C3STDH2": 0.0004915665,
    "C3STKR1": 9.49045e-05,
    "C3STKR2": 9.49045e-05,
    "C4STMO1": 7.223e-06,
    "C4STMO2": 7.223e-06,
    "C5STDS": 8.5278e-06,
    "C8STI": 5.1726e-06,
    "CAT": 0.0001907444,
    "CBPS": 0.0028862880000000003,
    "CCP2m": 0.0006482373000000001,
    "CHORM": 0.0002122752,
    "CHORS": 0.0015030235999999998,
    "CITtam": 0.0004701476,
    "CITtbm": 4.3355e-06,
    "CITtcm": 2.14383e-05,
    "CO2t": 0,
    "CO2tm": 0,
    "COAtim": 4.98015e-05,
    "CPPPGO": 0.0,
    "CSm": 0.0098814826,
    "CTPS1": 0.0006528804,
    "CYOOm": 0.0079166311,
    "CYOR_u6m": 0.0174001984,
    "CYSS": 0.00027733660000000003,
    "CYSTL": 3.61801e-05,
    "CYSTRS": 0.0008475647999999999,
    "CYSt2r": 0.00032931210000000004,
    "CYTK1": 0.00030792419999999996,
    "CYTK2": 2.6042e-06,
    "DAGPYP_SC": 4.1648e-06,
    "DASYNm_SC": 7.68524e-05,
    "DB4PS": 0.0019528739999999998,
    "DCMPDA": 1.8154e-06,
    "DDPAm": 0.001641468,
    "DHAD1m": 0.0018366412,
    "DHAD2m": 0.0007192564000000001,
    "DHFR": 1.6036e-06,
    "DHQS": 0.000704052,
    "DHQTi": 0.000704052,
    "DMATT": 0.0027013370000000003,
    "DOLPMMer": 0.0001159764,
    "DOLPMTcer": 0.0009018992999999999,
    "DOLPt2er": 0.0004568126,
    "DPMVD": 0.0020511216,
    "DROPPRy": 4.88e-08,
    "DRTPPD": 5.92e-08,
    "DTMPK": 3.2832e-06,
    "E4Ptm": 0.0002104463,
    "ENO": 0.0323937792,
    "ERGSTter": 1.04617e-05,
    "ERGTETROLter": 1.04617e-05,
    "ETOHt": 0,
    "ETOHtm": 0,
    "FACOAL140": 1.63325e-05,
    "FACOAL160": 4.4063e-05,
    "FACOAL161": 2.77305e-05,
    "FACOAL180": 8.1315e-06,
    "FACOAL181": 3.9198e-05,
    "FACOAL182": 1.46645e-05,
    "FAS100": 0.0066662255,
    "FAS100COA": 0.0017335005,
    "FAS120": 0.022634161,
    "FAS120COA": 0.0012994207000000002,
    "FAS140": 0.023209175800000002,
    "FAS160": 0.0043295232,
    "FAS161": 4.4702e-05,
    "FAS180": 0.0002734139,
    "FAS181": 1.6585e-05,
    "FAS80COA_L": 0.0017335005,
    "FAS80_L": 0.0066662255,
    "FBA3": 0.0226607642,
    "FCLTm": 0.0004932936,
    "FDH": 3.219e-06,
    "FE2t": 1.656e-07,
    "FE2utm": 8.98e-08,
    "FMETTRSm": 4.01e-08,
    "FMNAT": 3.06e-08,
    "FORtm": 4.49e-08,
    "FRDcm": 2.826e-07,
    "FTHFLi": 1.36224e-05,
    "FUM": 0.005744736,
    "G3PD1ir": 0.0013642772,
    "G3PT": 0.0004918847,
    "G5SADs": 0.0001196585,
    "G5SD": 0.0015866976,
    "G6PDH2r": 0.0026102944999999997,
    "G6PDH2er": 2.08785e-05,
    "G6Pter": 2.08785e-05,
    "GALUi": 0.0012258938,
    "GAPD": 0.0616918416,
    "GARFT": 3.4839200000000003e-05,
    "GAT2_SC": 8.55393e-05,
    "GCALDt": 4.49e-08,
    "GHMT2r": 0.012339944,
    "GHMT2rm": 1.964e-07,
    "GK1": 0.0009826476000000001,
    "GLCS2": 4.7872e-05,
    "GLCt1": 0.0005021425,
    "GLNS": 0.0019559679999999998,
    "GLNTRS": 0.0015380708,
    "GLU5K": 0.00021207399999999998,
    "GLUCYS": 2.86116e-05,
    "GLUDxi": 0.0026566175999999998,
    "GLUDy": 0.0165123432,
    "GLUPRT": 0.0018397533,
    "GLUTRS": 0.0045656796,
    "GLUTRSm": 2.1440000000000001e-07,
    "GLYTRS": 0.0004175208,
    "GLYt2m": 7.633e-07,
    "GMPS2": 0.002062935,
    "GND": 0.0092550096,
    "GRTT": 0.0027013370000000003,
    "GTHS": 0.00045382079999999996,
    "GTPCII": 3.46e-08,
    "H2Ot": 0.009716811499999999,
    "H2Oter": 0,
    "H2Otm": 0,
    "HACNHm": 0.0025926452,
    "HCITSm": 0.0001933843,
    "HCO3E": 0.0034282496999999998,
    "HEX1": 0.0082436,
    "HICITDm": 0.0024381996,
    "HISTD": 0.002518,
    "HISTP": 4.0401e-05,
    "HISTRS": 6.08244e-05,
    "HISTRSm": 3.276e-07,
    "HISt2m": 2.694e-07,
    "HMBS": 0.0,
    "HMGCOAR": 0.0001457775,
    "HMGCOASm": 0.0048979704999999995,
    "HMGCOAtm": 6.26355e-05,
    "HMPK1": 5.5100000000000004e-08,
    "HSDy": 0.0002632188,
    "HSERTA": 4.8600000000000005e-08,
    "HSK": 0.0012485718,
    "HSTPT": 0.0008854454,
    "ICDHyr": 0.004223090200000001,
    "ICDHym": 0.0025343604,
    "IG3PS": 0.0014408304,
    "IGPDH": 0.000565048,
    "IGPS": 4.34632e-05,
    "ILETA": 4.561700000000001e-05,
    "ILETAm": 1.6941999999999998e-06,
    "ILETRS": 0.0030499472,
    "ILETRSm": 2.4048e-06,
    "IMPC": 0.0027083166,
    "IMPD": 0.00016275,
    "IPDDI": 0.0005370198,
    "IPMD": 0.001034264,
    "IPPMIa": 0.000566826,
    "IPPMIb": 0.000566826,
    "IPPSm": 0.0006228378,
    "KARA1im": 0.007363953,
    "KARA2im": 0.0028840462,
    "Kt2r": 8.98e-08,
    "LEUTA": 6.57111e-05,
    "LEUTAm": 2.3246e-06,
    "LEUTRS": 0.003499772,
    "LEUTRSm": 2.8608e-06,
    "LNS14DM": 0.0008643888000000001,
    "LNSTLS": 1.70323e-05,
    "LPCAT_SC": 3.5814e-06,
    "LYSTRS": 0.0039334596000000005,
    "LYSTRSm": 2.304e-07,
    "LYSt2m": 1.796e-07,
    "MALtm": 0.0006703808,
    "MAN1PT": 0.0030075632000000005,