{
    "OROATP": 5.63944e-05,
    "MN2t": 0.0,
    "ZN2t": 2.256e-07,
    "MG2t": 4.2950000000000003e-07,
    "SLIME_assembly_generic_lipid": 0,
    "SLIME_assembly_generic_backbone": 0,
    "SLIME_assembly_generic_chain": 0,
    "SLIME_rxn_pc_SC_c": 0,
    "SLIME_rxn_pa_SC_c": 0,
    "SLIME_rxn_pe_SC_c": 0,
    "SLIME_rxn_ps_SC_c": 0,
    "SLIME_rxn_ptd1ino_SC_c": 0,
    "SLIME_rxn_12dgr_SC_c": 0,
    "SLIME_rxn_triglyc_SC_c": 0,
    "SLIME_rxn_dummy_ergstest_head_c": 0,
    "SLIME_chain_C10_0_to_metabolite": 0,
    "SLIME_chain_C12_0_to_metabolite": 0,
    "SLIME_chain_C14_0_to_metabolite": 0,
    "SLIME_chain_C16_0_to_metabolite": 0,
    "SLIME_chain_C16_1_to_metabolite": 0,
    "SLIME_chain_C18_0_to_metabolite": 0,
    "SLIME_chain_C18_1_to_metabolite": 0,
    "SLIME_chain_C18_2_to_metabolite": 0,
    "polyPkinase": 0.0013460122,
    "CysTransportMitochondria": 0,
    "13GS": 0.0003745524,
    "2DDA7Ptm": 0.0001285038,
    "2HBO": 4.46306e-05,
    "2HBt2": 4.46306e-05,
    "2OBUTtm": 9.77473e-05,
    "2OXOADPtim": 0.0001192544,
    "34HPPt2m": 4.85818e-05,
    "3MOBtm": 0.0002504971,
    "3MOPtm": 9.77473e-05,
    "5AOPtm": 0.0,
    "6PGLter": 1.5804799999999998e-05,
    "AASAD1": 0.0009448874999999999,
    "AATA": 0.0001192544,
    "ABTA": 0.000209568,
    "ACACT1m": 0.0005767418,
    "ACALDtm": 0.0007144488,
    "ACCOAC": 0.0024099608000000003,
    "ACGKm": 0.0017713938,
    "ACHBSm": 0.0010612917,
    "ACLSm": 0.0027192753,
    "ACONTm": 0.001536313,
    "ACOTAim": 0.0008544872,
    "ACS": 0.0075595806,
    "ADHAPR_SC": 4.42827e-05,
    "ADK1": 0.001752135,
    "ADK1m": 5.39775e-05,
    "ADK3": 0.0007971797999999999,
    "ADK3m": 5.45175e-05,
    "ADPT": 1.27967e-05,
    "ADSK": 0.0011070003999999998,
    "ADSL1r": 0.0015701632,
    "ADSL2r": 0.0013970288,
    "ADSS": 0.0022431724,
    "AGAT_SC": 8.32947e-05,
    "AGPRim": 0.0017713938,
    "AHCi": 0.01633086,
    "AHMMPS": 4.49e-08,
    "AICART": 0.00028321280000000003,
    "AIRCr": 0.0012168581,
    "ALASm": 3.2939999999999997e-07,
    "ALATA_L": 0.0004432808,
    "ALATA_Lm": 1.186e-07,
    "ALATRS": 0.0002330112,
    "ALCD2x_new": 0.01814834,
    "ALCD2irm": 0.0012188592,
    "ALDD2y": 0.00917775,
    "ANPRT": 0.000217094,
    "ANS": 0.0015084352,
    "ARGSL": 0.0023764864000000003,
    "ARGSS": 0.0065281440000000005,
    "ARGTRS": 0.0011367289000000001,
    "ASAD": 0.00036040100000000005,
    "ASNS1": 0.0022886864,
    "ASNTRS": 0.001525439,
    "ASPK": 0.0001462952,
    "ASPTA": 0.00034676440000000003,
    "ASPTAm": 6.86136e-05,
    "ASPTRS": 0.0028762365999999997,
    "ASPt2m": 3.40791e-05,
    "ATPPRT": 0.0020904642,
    "ATPS": 0.0299632333,
    "BPNT": 0.0010360162,
    "C14STR": 7.7088e-06,
    "C22STDS": 0.00010471999999999999,
    "C24STRer": 0.0001287033,
    "C3STDH1": 0.0003375179,
    "C3STDH2": 0.0003375179,
    "C3STKR1": 0.0002117047,
    "C3STKR2": 0.0002117047,
    "C4STMO1": 5.456e-06,
    "C4STMO2": 5.456e-06,
    "C5STDS": 6.4415999999999994e-06,
    "C8STI": 3.9072e-06,
    "CBPS": 0.0030708940000000002,
    "CHORM": 0.00012928,
    "CHORS": 0.0009129431999999999,
    "CITtam": 0.000334581,
    "CITtbm": 1.2558000000000001e-06,
    "CITtcm": 2.60429e-05,
    "CO2t": 0,
    "CO2tm": 0,
    "COAtim": 3.7663499999999996e-05,
    "CPPPGO": 0.0,
    "CRNCARtm": 0.0008262963,
    "CSNATm": 0.0016930229999999999,
    "CSNATr": 0.0001016073,
    "CSm": 0.0059445816,
    "CTPS2": 3.474e-06,
    "CYSS": 4.83438e-05,
    "CYSTL": 2.22673e-05,
    "CYSTRS": 0.0005626368,
    "CYTK1": 0.0001120704,
    "DAGPYP_SC": 3.151e-06,
    "DASYNm_SC": 5.8166000000000005e-05,
    "DB4PS": 0.000287532,
    "DDPAm": 2.7158e-05,
    "DHAD1m": 0.0012303656000000002,
    "DHAD2m": 0.00048016840000000003,
    "DHFR": 1.4137e-06,
    "DHQS": 0.00047382,
    "DHQTi": 0.00047382,
    "DMATT": 0.0018200495,
    "DOLPMMer": 0.0001133856,
    "DOLPMTcer": 0.0004403097,
    "DOLPt2er": 0.0003820541,
    "DPMVD": 0.0015482808,
    "DROPPRy": 0.0,
    "DRTPPD": 0.0,
    "DTMPK": 2.8943999999999998e-06,
    "DUTPDP": 2.9748e-06,
    "E4Ptm": 0.0001285038,
    "ENO": 0.0254280024,
    "ERGSTter": 7.902399999999999e-06,
    "ERGTETROLter": 7.902399999999999e-06,
    "ETOHt": 0,
    "ETOHtm": 0,
    "FACOAL140": 1.2371e-05,
    "FACOAL160": 2.35605e-05,
    "FACOAL161": 1.3413500000000001e-05,
    "FACOAL180": 1.7375e-06,
    "FACOAL181": 1.89735e-05,
    "FACOAL182": 9.7995e-06,
    "FAS100": 0.0031879497,
    "FAS100COA": 0.0007356807,
    "FAS120": 0.009603310899999998,
    "FAS120COA": 0.0005524652,
    "FAS140": 0.0098485378,
    "FAS160": 0.0019026225,
    "FAS161": 3.3821e-05,
    "FAS180COA": 0.00011838540000000001,
    "FAS181": 1.2555e-05,
    "FAS80COA_L": 0.0007356807,
    "FAS80_L": 0.0031879497,
    "FBA": 0.0174706672,
    "FCLTm": 8.645999999999999e-07,
    "FDH": 1.4645e-06,
    "FE2t": 5.5200000000000005e-08,
    "FE2utm": 4.49e-08,
    "FMNAT": 0.0,
    "FRDcm": 0.0004826808,
    "FTHFLi": 6.28144e-05,
    "FUMm": 0.0011758848000000001,
    "G3PD1ir": 0.0078367739,
    "G3PT": 0.0006870874,
    "G5SADs": 6.96848e-05,
    "G5SD": 0.000628368,
    "G6PDH2er": 1.5804799999999998e-05,
    "G6PI": 0.00010470600000000001,
    "G6PI3": 0.002555048,
    "G6Pter": 1.5804799999999998e-05,
    "GALUi": 0.0008808924,
    "GAPD": 0.022843060800000002,
    "GARFT": 2.996e-05,
    "GAT2_SC": 6.47427e-05,
    "GCALDt": 4.49e-08,
    "GHMT2r": 0.009108976,
    "GK1": 0.0006878795,
    "GLCS2": 0.0001658965,
    "GLCt1": 0.0006695423000000001,
    "GLNS": 0.001359824,
    "GLNTRS": 0.0014333861999999999,
    "GLU5K": 0.000138672,
    "GLUCYS": 1.31532e-05,
    "GLUK": 7.814999999999999e-05,
    "GLUPRT": 0.0014831775000000002,
    "GLUSx": 0.0014441004,
    "GLUTRS": 0.0031101023999999997,
    "GLUt7m": 0.0004500078,
    "GLYCt": 0.0049952223,
    "GLYTRS": 0.0002474472,
    "GLYt2m": 0.0,
    "GMPS2": 0.00118125,
    "GND": 0.0001050912,
    "GRTT": 0.0018200495,
    "GTHS": 0.0006969672,
    "GTPCII": 0.0,
    "GTPt2m": 0.0062057100000000006,
    "H2Ot": 0.0027592117999999995,
    "H2Oter": 0,
    "H2Otm": 0,
    "HACNHm": 0.0013401834,
    "HCITSm": 0.0001192544,
    "HCO3E": 0.0034186411,
    "HICITDm": 0.0012382764,
    "HISTD": 0.00222824,
    "HISTP": 2.96475e-05,
    "HISTRS": 3.8493e-05,
    "HMBS": 0.0,
    "HMGCOAR": 0.0001102475,
    "HMGCOASm": 0.0020787958,
    "HMGCOAtm": 4.73695e-05,
    "HMPK1": 5.5100000000000004e-08,
    "HSDy": 1.1631599999999999e-05,
    "HSERTA": 4.8600000000000005e-08,
    "HSK": 5.712e-05,
    "HSTPT": 0.0005364628,
    "ICDHyr": 0.0047460308,
    "IG3PS": 0.0008562072000000001,
    "IGPDH": 0.000171314,
    "IGPS": 5.4208e-06,
    "ILETA": 7.67949e-05,
    "ILETRS": 0.0022440176,
    "IMPC": 0.0060779456,
    "IMPD": 0.0001224064,
    "IPDDI": 0.0004224891,
    "IPMD": 0.002065608,
    "IPPMIa": 0.001659762,
    "IPPMIb": 0.001659762,
    "IPPS": 0.0001880252,
    "KARA1im": 0.0036109929,
    "KARA2im": 0.0014092706,
    "Kt2r": 4.49e-08,
    "LEUTA": 0.00010982010000000001,
    "LEUTRS": 0.00312285,
    "LNS14DM": 0.0003847032,
    "LNSTLS": 1.28656e-05,
    "LPCAT_SC": 2.7051e-06,
    "LYSTRS": 0.0031739064000000003,
    "MALtm": 8.66584e-05,
    "MAN1PT": 0.0024064621,
    "MAN6PI": 0.001502592,
    "MANNANter": 0.0003820541,
    "MCITDm": 0.0001192544,
    "MDH": 0.0009526036,
    "MDHm": 0.0003233788,
    "ME1m": 0.001212499,
    "ME2m": 0.000577004,
    "METAT": 0.002239853,
    "METS": 0.040527744,
    "METTRS": 0.0006284368,
    "MEVK1": 0.0001468988,
    "MFAPS_SC": 1.7922e-05,
    "MI1PP": 7.4296e-06,
    "MI1PS": 0.0007589742,
    "MTHFC": 0.0030118747999999997,
    "MTHFD2i": 0.0004328364,
    "MTHFR3": 0.0003559723,
    "NDPK2": 0.0010936464,
    "NDPK3": 0.0001266804,
    "NDPK4": 3.4188e-06,
    "NH4t": 0.0036666687,
    "O2t": 0,
    "O2ter": 0,
    "O2tm": 0,
    "OAAt2m": 0.000347652,
    "OCBT": 0.0016292614,
    "OMCDC": 0.00010982010000000001,
    "OMPDC": 0.00018417660000000002,
    "ORNTACim": 0.0012542922,
    "ORNt3m": 6.81236e-05,