{
    "OROATP": 0.0211302064,
    "MN2t": 4.7563e-06,
    "ZN2t": 5.39582e-05,
    "MG2t": 6.93134e-05,
    "SLIME_assembly_generic_lipid": 0.0157361843,
    "SLIME_assembly_generic_backbone": 0.0157361843,
    "SLIME_assembly_generic_chain": 0.0303483554,
    "SLIME_rxn_pc_SC_c": 0.0027066237,
    "SLIME_rxn_pa_SC_c": 0.0015736184,
    "SLIME_rxn_pe_SC_c": 0.002816777,
    "SLIME_rxn_ps_SC_c": 0.0003461961,
    "SLIME_rxn_ptd1ino_SC_c": 0.003839629,
    "SLIME_rxn_12dgr_SC_c": 0.0006766559,
    "SLIME_rxn_triglyc_SC_c": 0.0010857967,
    "SLIME_rxn_dummy_ergstest_head_c": 0.0026908875,
    "SLIME_chain_C10_0_to_metabolite": 0.0002096959,
    "SLIME_chain_C12_0_to_metabolite": 0.0007201328,
    "SLIME_chain_C14_0_to_metabolite": 0.0022624137,
    "SLIME_chain_C16_0_to_metabolite": 0.0023301467,
    "SLIME_chain_C16_1_to_metabolite": -0.0120716091,
    "SLIME_chain_C18_0_to_metabolite": 0.0006001106,
    "SLIME_chain_C18_1_to_metabolite": 0.0003312692,
    "SLIME_chain_C18_2_to_metabolite": 0.0024458751,
    "polyPkinase": 0.2284365832,
    "CYSTRSm": 2.89967e-05,
    "CysTransportMitochondria": 5.12017e-05,
    "PROTRSm": 0.0001706114,
    "SERTRSm": 0.0002825019,
    "GLYTRSm": 0.0002843745,
    "ALATRSm": 0.0002733075,
    "GLUTRSm_glutaminetrna": 8.31762e-05,
    "GatFABm": 8.31762e-05,
    "13GS": 0.1773246799,
    "2DDA7Ptm": -0.055798703,
    "2OBUTtm": 0.0427647715,
    "2OXOADPtim": 0.0523353437,
    "34HPPt2m": 0.021079448,
    "3C3HMPtm": -0.0611351609,
    "3C4MOPtm": 0.0005843908,
    "3MOBtm": -0.0486476894,
    "3MOPtm": -0.0423349885,
    "5AOPtm": -4.95575e-05,
    "6PGLter": -0.005381775,
    "AASAD2": 0.0523353437,
    "AATA": 0.0523353437,
    "ABTA": 2.795e-06,
    "ACACT1m": 0.0161453251,
    "ACALDtm": -0.2201580976,
    "ACCOAC": 0.216110639,
    "ACGKm": 0.0676104758,
    "ACHBSm": 0.0427647715,
    "ACLSm": 0.1097828503,
    "ACONTm": 0.3502669348,
    "ACOTAim": 0.0676104758,
    "ACS": 0.2861534374,
    "ACSm": 0.1362487605,
    "ACt2r": -1.7099728454,
    "ACtm": -0.0839093371,
    "ADK1": 2.8314460469,
    "ADK1m": 0.1489788708,
    "ADK3": -1.5241849533,
    "ADK3m": -0.008179958,
    "ADPT": 0.0108107586,
    "ADSK": 0.039691648,
    "ADSL1r": 0.0271547,
    "ADSL2r": 0.0237417717,
    "ADSS": 0.0271547,
    "AGAT_SC": 0.0130452968,
    "AGPRim": 0.0676104758,
    "AGTi": 0.0052194367,
    "AHCi": 0.0108107586,
    "AHMMPS": 2.795e-06,
    "AICART": 0.0391867556,
    "AIRCr": 0.0237417717,
    "ALASm": 4.95575e-05,
    "ALATA_L": -0.0833491228,
    "ALATA_Lm": -0.0002511024,
    "ALATRS": 0.0483588814,
    "ALCD2x_new": -5.0983601079,
    "ALDD2y": 1.8725225028,
    "ALDD2ym": 0.2201580976,
    "ANPRT": 0.0064291241,
    "ANS": 0.0064291241,
    "ARGSL": 0.0369972517,
    "ARGSS": 0.0369972517,
    "ARGTRS": 0.0310015009,
    "ARGTRSm": 8.8178e-05,
    "ARGt2m": 8.8178e-05,
    "ASAD": -0.0950250517,
    "ASNS1": 0.0337865831,
    "ASNTRS": 0.0335965363,
    "ASNTRSm": 0.0001900468,
    "ASNt2m": 0.0001900468,
    "ASPGLU2m": 0.120107184,
    "ASPK": 0.0950250517,
    "ASPTA": -0.3216524517,
    "ASPTAm": 0.0376198565,
    "ASPTRS": 0.0371963566,
    "ASPTRSm": 8.70656e-05,
    "ASPt2m": 0.1578141061,
    "ATPPRT": 0.0154449839,
    "ATPS": 0.6930904724,
    "ATPS3m": 6.2853745351,
    "ATPtm_H": 0.8018045022,
    "BPNT": 0.039691648,
    "C14STR": 0.0026908875,
    "C22STDS": 0.0026908875,
    "C24STRer": 0.0026908875,
    "C3STDH1": 0.0026908875,
    "C3STDH2": 0.0026908875,
    "C3STKR1": 0.0026908875,
    "C3STKR2": 0.0026908875,
    "C4STMO1": 0.0026908875,
    "C4STMO2": 0.0026908875,
    "C5STDS": 0.0026908875,
    "C8STI": 0.0026908875,
    "CAT": 0.0589932353,
    "CBPS": 0.0369972517,
    "CCP2m": 0.1179864705,
    "CHORM": 0.0493695789,
    "CHORS": 0.055798703,
    "CITtam": -0.2944682318,
    "CITtbm": -0.055798703,
    "CITtcm": 0.3502669348,
    "CO2t": -7.6880040361,
    "CO2tm": -0.5869649686,
    "COAtim": 0.0161453251,
    "CPPPGO": 6.1947e-06,
    "CSm": 0.3502669348,
    "CTPS1": 0.0086529393,
    "CTPtm": 0.0100580985,
    "CYOOm": 2.1827497048,
    "CYOR_u6m": 4.7194588212,
    "CYSS": 0.039691648,
    "CYSTL": 0.0128172539,
    "CYSTRS": 0.0070379103,
    "CYSt2r": -0.0162035531,
    "CYTK1": 0.0445965017,
    "CYTK2": 0.0007565069,
    "DAGPYP_SC": 0.0017624526,
    "DASYNm_SC": 0.0097092257,
    "DB4PS": 2.24642e-05,
    "DCMPDA": -0.0007565069,
    "DDPAm": 0.055798703,
    "DHAD1m": 0.1097828503,
    "DHAD2m": 0.0427647715,
    "DHAPtm": 1.9353067271,
    "DHFR": 0.0009816207,
    "DHQS": 0.055798703,
    "DHQTi": 0.055798703,
    "DMATT": 0.005381775,
    "DOLPMMer": 0.126240768,
    "DOLPMTcer": 0.126240768,
    "DOLPt2er": -0.126240768,
    "DPMVD": 0.0161453251,
    "DROPPRy": 1.12321e-05,
    "DRTPPD": 1.12321e-05,
    "DTMPK": 0.0009816207,
    "E4Ptm": 0.055798703,
    "ENO": 8.7707421746,
    "ERGSTter": 0.0026908875,
    "ERGTETROLter": 0.0026908875,
    "ETOHt": -5.0983601079,
    "FACOAL140": 0.002717639,
    "FACOAL160": 0.0080963343,
    "FACOAL161": 0.0046199863,
    "FACOAL180": 0.0006001106,
    "FACOAL181": 0.0065223337,
    "FACOAL182": 0.0024458751,
    "FAS100": 0.0281742442,
    "FAS100COA": 0.0021741112,
    "FAS120": 0.0283839401,
    "FAS120COA": 0.0016305834,
    "FAS140": 0.0291040729,
    "FAS160": 0.011957252,
    "FAS161": 0.0166915955,
    "FAS180COA": 0.0007587089,
    "FAS181": 0.0061910645,
    "FAS80COA_L": 0.0021741112,
    "FAS80_L": 0.0281742442,
    "FBA3": 4.5218066956,
    "FCLTm": 6.1947e-06,
    "FE2t": 2.84161e-05,
    "FE2utm": 2.83998e-05,
    "FMETTRSm": 1.88936e-05,
    "FMNAT": 9.0753e-06,
    "FTHFLi": 0.0027245837,
    "FTHFLmi": 1.88936e-05,
    "FUM": 0.0884468532,
    "FUMm": 0.0046195444,
    "G3PD1ir": 1.9662974355,
    "G3PDm": 1.9353067271,
    "G3PT": 0.0179454116,
    "G5SADs": 0.0306132241,
    "G6PDH2r": 0.0055936622,
    "G6PDH2er": 0.005381775,
    "G6PI": -0.3123330114,
    "G6PI3": 4.7038461666,
    "G6Pter": 0.005381775,
    "GALUi": 0.2779297397,
    "GAPD": 8.9632531038,
    "GARFT": 0.0237445667,
    "GAT1_SC": 0.0130452968,
    "GCALDt": -2.795e-06,
    "GHMT2r": 0.0848163716,
    "GK1": 0.0467593716,
    "GLCS2": 0.0810168542,
    "GLCt1": 5.016179178,
    "GLNS": 0.180572091,
    "GLNTRS": 0.0241484365,
    "GLUCYS": 0.003578934,
    "GLUDy": -1.2118099868,
    "GLUK": 5.016179178,
    "GLUPRT": 0.0237445667,
    "GLUTRS": 0.0439667901,
    "GLUTRSm": 7.81884e-05,
    "GLYC3Ptm": 1.9353067271,
    "GLYTRS": 0.040433855,
    "GLYt2m": 0.000333932,
    "GMPS2": 0.0120320556,
    "GND": 0.0109754372,
    "GRTT": 0.005381775,
    "GTHS": 0.003578934,
    "GTPCII": 1.12321e-05,
    "H2Ot": -6.2964547427,
    "H2Oter": -0.0026908875,
    "H2Otm": -4.990899648,
    "HACNHm": 0.0523353437,
    "HCITSm": 0.0523353437,
    "HCO3E": 0.7974401861,
    "HICITDm": 0.0523353437,
    "HISTD": 0.0154449839,
    "HISTP": 0.0154449839,
    "HISTRS": 0.013142434,
    "HISTRSm": 0.0001024621,
    "HISt2m": -0.0001024621,
    "HMBS": 6.1947e-06,
    "HMGCOAR": -0.0161453251,
    "HMGCOASm": -0.0161453251,
    "HMGCOAtm": -0.0161453251,
    "HMPK1": 2.795e-06,
    "HSDy": 0.0950250517,
    "HSERTA": 2.795e-06,
    "HSK": 0.0950222567,
    "HSTPT": 0.0154449839,
    "ICDHyr": 0.3450474981,
    "ICL": 0.0052194367,
    "IG3PS": 0.0154449839,
    "IGPDH": 0.0154449839,
    "IGPS": 0.0064291241,
    "ILETA": -0.0423349885,
    "ILETAm": -0.000429783,
    "ILETRS": 0.0416928543,
    "ILETRSm": 0.000429783,
    "IMPC": -0.0391867556,
    "IMPD": 0.0120320556,
    "IPDDI": 0.005381775,
    "IPMD": 0.0611351609,
    "IPPMIa": -0.0611351609,
    "IPPMIb": -0.0611351609,
    "IPPSm": 0.0611351609,
    "KARA1im": 0.1097828503,
    "KARA2im": 0.0427647715,
    "Kt2r": 1.04724e-05,
    "LEUTA": -0.06055077,
    "LEUTAm": -0.0005843908,
    "LEUTRS": 0.0599086359,
    "LEUTRSm": 0.0005843908,
    "LNS14DM": 0.0026908875,
    "LNSTLS": 0.0026908875,
    "LYSTRS": 0.0522546432,
    "LYSTRSm": 8.07004e-05,
    "LYSt2m": 8.07004e-05,