{
    "OROATP": 4.11284e-05,
    "MN2t": 0.0,
    "ZN2t": 7.52e-08,
    "MG2t": 5.154e-07,
    "SLIME_assembly_generic_lipid": 0,
    "SLIME_assembly_generic_backbone": 0,
    "SLIME_assembly_generic_chain": 0,
    "SLIME_rxn_pc_SC_c": 0,
    "SLIME_rxn_pa_SC_c": 0,
    "SLIME_rxn_pe_SC_c": 0,
    "SLIME_rxn_ps_SC_c": 0,
    "SLIME_rxn_ptd1ino_SC_c": 0,
    "SLIME_rxn_12dgr_SC_c": 0,
    "SLIME_rxn_triglyc_SC_c": 0,
    "SLIME_rxn_dummy_ergstest_head_c": 0,
    "SLIME_chain_C10_0_to_metabolite": 0,
    "SLIME_chain_C12_0_to_metabolite": 0,
    "SLIME_chain_C14_0_to_metabolite": 0,
    "SLIME_chain_C16_0_to_metabolite": 0,
    "SLIME_chain_C16_1_to_metabolite": 0,
    "SLIME_chain_C18_0_to_metabolite": 0,
    "SLIME_chain_C18_1_to_metabolite": 0,
    "SLIME_chain_C18_2_to_metabolite": 0,
    "polyPkinase": 0.000959064,
    "CYSTRSm": 0.0,
    "CysTransportMitochondria": 0,
    "PROTRSm": 0.0,
    "SERTRSm": 0.0,
    "GLYTRSm": 1.518e-06,
    "ALATRSm": 1.0824e-06,
    "GLUTRSm_glutaminetrna": 0.0,
    "GatFABm": 3.561e-07,
    "13GS": 0.0023434499,
    "2DDA7Ptm": 0.00011889519999999999,
    "2OBUTtm": 8.92163e-05,
    "2OXOADPtim": 0.0001109928,
    "3C3HMPtm": 0.0001299855,
    "3C4MOPtm": 1.0326999999999999e-06,
    "3MOBtm": 9.89596e-05,
    "3MOPtm": 8.8453e-05,
    "5AOPtm": 8.98e-08,
    "6PGLter": 1.13597e-05,
    "AACTOOR": 1.5266e-06,
    "AASAD1": 0.002659005,
    "AATA": 0.0001109928,
    "ABTA": 0.0010526544,
    "ACACT1m": 0.0032579086,
    "ACALDt": 0.0034672229,
    "ACALDtm": 0.0007270208,
    "ACCOAC": 0.0033334288,
    "ACGKm": 0.0031313955,
    "ACHBSm": 0.0039050675999999997,
    "ACLSm": 0.0100179121,
    "ACONTm": 0.001316535,
    "ACOTAim": 0.0022285016,
    "ACS": 0.009139974300000001,
    "ACt2r": 0.0009950864,
    "ACtm": 0.0007270208,
    "ADHAPR_SC": 0.0002777841,
    "ADK1": 0.0020969898,
    "ADK1m": 1.1655e-05,
    "ADK3m": 7.3575e-06,
    "ADNUC": 1.7238e-05,
    "ADPT": 3.4462400000000004e-05,
    "ADSK": 0.0015862656,
    "ADSL1r": 0.0029157144,
    "ADSL2r": 0.0024749736000000003,
    "ADSS": 0.0037249352,
    "AGAT_SC": 0.0001445613,
    "AGPRim": 0.0031313955,
    "AHCi": 0.023255369999999997,
    "AHMMPS": 4.49e-08,
    "AICART": 0.000205424,
    "AIRCr": 0.0022117685,
    "ALASm": 0.0001761192,
    "ALATA_L": 0.000369824,
    "ALATA_Lm": 0.0011236164,
    "ALATRS": 0.0002240568,
    "ALDD2ym": 0.0022097463,
    "ANPRT": 0.000412566,
    "ANS": 0.0029107264,
    "AOBUTDs": 1.5266e-06,
    "ARGSL": 0.003638254,
    "ARGSS": 0.010648008,
    "ARGTRS": 0.0019945413,
    "ARGTRSm": 2.572e-07,
    "ARGt2m": 1.796e-07,
    "ASAD": 0.00639626,
    "ASNS1": 0.0030208464000000003,
    "ASNTRS": 0.0025984262,
    "ASNTRSm": 3.9360000000000003e-07,
    "ASNt2m": 3.592e-07,
    "ASPK": 0.0026653552,
    "ASPTA": 0.0030685046,
    "ASPTAm": 0.00029642160000000004,
    "ASPTRS": 0.0055412588,
    "ASPTRSm": 1.974e-07,
    "ASPt2m": 0.0001473618,
    "ATPPRT": 0.0023193620999999998,
    "ATPS": 0.0312524212,
    "ATPS3m": 0.07652431920000001,
    "ATPtm_H": 0.0068618394,
    "BPNT": 0.0010654796,
    "C14STR": 5.5188e-06,
    "C22STDS": 0.0002369136,
    "C24STRer": 0.0002618528,
    "C3STDH1": 0.0005644726,
    "C3STDH2": 0.0005644726,
    "C3STKR1": 0.0003204545,
    "C3STKR2": 0.0003204545,
    "C4STMO1": 3.906e-06,
    "C4STMO2": 3.906e-06,
    "C5STDS": 4.6116e-06,
    "C8STI": 2.7972e-06,
    "CAT": 7.003720000000001e-05,
    "CBPS": 0.0038787176,
    "CHORM": 0.000120064,
    "CHORS": 0.0015888287999999999,
    "CITtam": 0.0003340727,
    "CITtbm": 0.0,
    "CITtcm": 0.0001373008,
    "CO2t": 0,
    "CO2tm": 0,
    "COAtim": 2.70606e-05,
    "CPPPGO": 0.0,
    "CSm": 0.0136111682,
    "CTPS1": 0.0002277786,
    "CYOOm": 0.0106902859,
    "CYOR_u6m": 0.023706796800000002,
    "CYSS": 0.00010740439999999999,
    "CYSTL": 2.04941e-05,
    "CYSTRS": 0.0011610624000000002,
    "CYSt2r": 0.0001059474,
    "CYTK1": 0.000114944,
    "CYTK2": 1.5266e-06,
    "DAGPYP_SC": 2.2741999999999998e-06,
    "DASYNm_SC": 4.17696e-05,
    "DB4PS": 0.001199016,
    "DCMPDA": 1.0642e-06,
    "DDPAm": 0.0016110170000000002,
    "DHAD1m": 0.0051059352,
    "DHAD2m": 0.0019902904,
    "DHAPtm": 0.0120751366,
    "DHFR": 9.284e-07,
    "DHQS": 0.000856692,
    "DHQTi": 0.000856692,
    "DMATT": 0.0033002574999999998,
    "DOLPMMer": 0.0001351788,
    "DOLPMTcer": 0.0009410948999999999,
    "DOLPt2er": 0.0002579954,
    "DPMVD": 0.0023804352000000003,
    "DROPPRy": 4.88e-08,
    "DRTPPD": 5.92e-08,
    "DTMPK": 1.9007999999999999e-06,
    "E4Ptm": 0.00011889519999999999,
    "ENO": 0.042628349999999995,
    "ERGSTter": 5.6574e-06,
    "ERGTETROLter": 5.6574e-06,
    "FACOAL140": 8.896000000000001e-06,
    "FACOAL160": 0.0,
    "FACOAL161": 0.0,
    "FACOAL180": 0.0,
    "FACOAL181": 0.0,
    "FACOAL182": 7.9925e-06,
    "FAS100": 2.8187000000000002e-06,
    "FAS100COA": 0.0026270284,
    "FAS120": 0.0343007603,
    "FAS120COA": 0.0019702713,
    "FAS140": 0.035171738599999995,
    "FAS160": 2.8187000000000002e-06,
    "FAS161": 2.4273000000000003e-05,
    "FAS180": 0.0,
    "FAS181": 9.021e-06,
    "FAS80COA_L": 0.0026270284,
    "FAS80_L": 2.8187000000000002e-06,
    "FBA3": 1.444e-07,
    "FCLTm": 0.00019736460000000002,
    "FE2t": 2.2080000000000002e-07,
    "FE2utm": 8.98e-08,
    "FMETTRSm": 4.01e-08,
    "FMNAT": 0.0,
    "FORtm": 4.49e-08,
    "FRDcm": 0.0010054908,
    "FTHFLi": 0.00024123,
    "FUMm": 0.0077968736,
    "G3PD1ir": 0.0017576232,
    "G3PDm": 0.0056473949999999995,
    "G3PT": 5.59228e-05,
    "G5SADs": 6.72602e-05,
    "G5SD": 0.0018566496000000001,
    "G6PDH2r": 0.0028597644999999996,
    "G6PDH2er": 1.13597e-05,
    "G6PI3": 0.0002119604,
    "G6Pter": 1.13597e-05,
    "GALUi": 5.41807e-05,
    "GAPD": 0.0048647296,
    "GARFT": 2.2042e-05,
    "GAT2_SC": 3.69271e-05,
    "GCALDt": 4.49e-08,
    "GHMT2r": 0.013219596,
    "GK2": 0.0011254034,
    "GLCS2": 0.0008047445,
    "GLCt1": 0.0006104232,
    "GLNS": 0.0016345119999999999,
    "GLNTRS": 0.0019001792,
    "GLU5K": 0.0003333692,
    "GLUCYS": 1.3221e-05,
    "GLUDy": 0.004716606,
    "GLUK": 0.0,
    "GLUPRT": 0.0022058848,
    "GLUTRS": 0.0050010288,
    "GLUTRSm": 1.608e-07,
    "GLYAT": 1.5266e-06,
    "GLYC3Ptm": 0.0120751366,
    "GLYCLm": 2.8666e-06,
    "GLYTRS": 0.000238548,
    "GLYt2m": 6.286e-07,
    "GMPS2": 0.00200634,
    "GND": 0.0117753156,
    "GRTT": 0.0033002574999999998,
    "GTHOm": 0.0005876863999999999,
    "GTHPm": 0.00022488,
    "GTHS": 0.0006763032,
    "GTPCII": 3.46e-08,
    "H2Ot": 0.0056171957,
    "H2Oter": 0,
    "H2Otm": 0,
    "HACNHm": 0.0026119384,
    "HCITSm": 0.0001109928,
    "HCO3E": 0.0016862644,
    "HEX1": 0.005932949999999999,
    "HEX7": 0.002176195,
    "HICITDm": 0.0025526268,
    "HISTD": 0.0030180800000000002,
    "HISTP": 2.3617500000000002e-05,
    "HISTRS": 3.40158e-05,
    "HISTRSm": 2.184e-07,
    "HISt2m": 1.796e-07,
    "HMBS": 0.0,
    "HMGCOAR": 7.9211e-05,
    "HMGCOASm": 0.012395589600000001,
    "HMGCOAtm": 3.40342e-05,
    "HMPK1": 5.72e-08,
    "HSDy": 0.0,
    "HSERTA": 4.8600000000000005e-08,
    "HSK": 0.0020046264,
    "HSTPT": 0.0008568814,
    "ICDHxm": 0.001195916,
    "ICDHyr": 0.0066915086,
    "IG3PS": 0.001581204,
    "IGPDH": 0.000225654,
    "IGPS": 6.73728e-05,
    "ILETA": 0.00019626620000000002,
    "ILETAm": 0.0005880843999999999,
    "ILETRS": 0.003224576,
    "ILETRSm": 1.7033999999999999e-06,
    "IMPC": 0.0014542146,
    "IMPD": 0.0002562,
    "IPDDI": 0.0006897563,
    "IPMD": 0.004779675000000001,
    "IPPMIa": 0.002625324,
    "IPPMIb": 0.002625324,
    "IPPSm": 0.000358401,
    "KARA1im": 0.0182691063,
    "KARA2im": 0.007121386,
    "Kt2r": 4.49e-08,
    "LALDO3": 1.1117999999999999e-06,
    "LCADi": 1.5266e-06,
    "LEUTA": 0.0002860299,
    "LEUTAm": 0.0007991502000000001,
    "LEUTRS": 0.00415508,
    "LEUTRSm": 2.0562e-06,
    "LNS14DM": 0.0007745472,
    "LNSTLS": 9.2106e-06,
    "LPCAT_SC": 1.9431e-06,
    "LYSTRS": 0.0039211668000000005,
    "LYSTRSm": 1.728e-07,