{
    "OROATP": 0.0235532993,
    "MN2t": 3.5798e-06,
    "ZN2t": 9.86614e-05,
    "MG2t": 7.96523e-05,
    "SLIME_assembly_generic_lipid": 0.0192811273,
    "SLIME_assembly_generic_backbone": 0.0192811273,
    "SLIME_assembly_generic_chain": 0.0371850313,
    "SLIME_rxn_pc_SC_c": 0.0033163539,
    "SLIME_rxn_pa_SC_c": 0.0019281127,
    "SLIME_rxn_pe_SC_c": 0.0034513218,
    "SLIME_rxn_ps_SC_c": 0.0004241848,
    "SLIME_rxn_ptd1ino_SC_c": 0.0047045951,
    "SLIME_rxn_12dgr_SC_c": 0.0008290885,
    "SLIME_rxn_triglyc_SC_c": 0.0013303978,
    "SLIME_rxn_dummy_ergstest_head_c": 0.0032970728,
    "SLIME_chain_C10_0_to_metabolite": 0.0002569348,
    "SLIME_chain_C12_0_to_metabolite": 0.0008823595,
    "SLIME_chain_C14_0_to_metabolite": 0.0027720752,
    "SLIME_chain_C16_0_to_metabolite": 0.0028550667,
    "SLIME_chain_C16_1_to_metabolite": -0.014791021,
    "SLIME_chain_C18_0_to_metabolite": 0.0007352996,
    "SLIME_chain_C18_1_to_metabolite": 0.0004058953,
    "SLIME_chain_C18_2_to_metabolite": 0.0029968656,
    "polyPkinase": 0.2809991485,
    "CysTransportMitochondria": 1.44345e-05,
    "13GS": 0.2240508626,
    "2DDA7Ptm": -0.0536577525,
    "2HBO": -0.0186433036,
    "2HBt2": -0.0186433036,
    "2OBUTtm": 0.0408156738,
    "2OXOADPtim": 0.0497894771,
    "34HPPt2m": 0.0202864897,
    "3MOBtm": -0.1045837294,
    "3MOPtm": -0.0408156738,
    "5AOPtm": -1.63e-08,
    "6PGLter": -0.0065941455,
    "AASAD1": 0.0497894771,
    "AATA": 0.0497894771,
    "ABTA": 1.2422e-05,
    "ACACT1m": 0.0197824366,
    "ACALDtm": -0.2982910625,
    "ACCOAC": 0.2647946077,
    "ACGKm": 0.0437421252,
    "ACHBSm": 0.0408156738,
    "ACLSm": 0.1045837294,
    "ACONTm": 0.3645679709,
    "ACOTAim": 0.0437421252,
    "ACS": 0.8570618004,
    "ADHAPR_SC": 0.0159840546,
    "ADK1": 3.4082748357,
    "ADK1m": -0.044969074,
    "ADK3": -1.5507006176,
    "ADK3m": 0.0454198413,
    "ADPT": 0.0132461345,
    "ADSK": 0.0230010507,
    "ADSL1r": 0.0294956305,
    "ADSL2r": 0.026241639,
    "ADSS": 0.0294956305,
    "AGAT_SC": 0.0159840546,
    "AGPRim": 0.0437421252,
    "AHCi": 0.0132461345,
    "AHMMPS": 1.2422e-05,
    "AICART": 0.0428416338,
    "AIRCr": 0.026241639,
    "ALASm": 1.63e-08,
    "ALATA_L": -0.081786634,
    "ALATA_Lm": 1.44345e-05,
    "ALATRS": 0.0443865598,
    "ALCD2x_new": -12.7753360715,
    "ALCD2irm": 0.2982910625,
    "ALDD2y": 0.8340483276,
    "ANPRT": 0.0063257553,
    "ANS": 0.0063257553,
    "ARGSL": 0.0437421252,
    "ARGSS": 0.0437421252,
    "ARGTRS": 0.0299081343,
    "ASAD": -0.1095754372,
    "ASNS1": 0.0333980209,
    "ASNTRS": 0.0333980209,
    "ASPK": 0.1095754372,
    "ASPTA": -0.3361107949,
    "ASPTAm": 0.0142247033,
    "ASPTRS": 0.0356636438,
    "ASPt2m": 0.0142247033,
    "ATPPRT": 0.0165999948,
    "ATPS": 1.3756928598,
    "BPNT": 0.0230010507,
    "C14STR": 0.0032970728,
    "C22STDS": 0.0032970728,
    "C24STRer": 0.0032970728,
    "C3STDH1": 0.0032970728,
    "C3STDH2": 0.0032970728,
    "C3STKR1": 0.0032970728,
    "C3STKR2": 0.0032970728,
    "C4STMO1": 0.0032970728,
    "C4STMO2": 0.0032970728,
    "C5STDS": 0.0032970728,
    "C8STI": 0.0032970728,
    "CBPS": 0.0437421252,
    "CHORM": 0.0473319972,
    "CHORS": 0.0536577525,
    "CITtam": -0.3109102184,
    "CITtbm": -0.0536577525,
    "CITtcm": 0.3645679709,
    "CO2t": -13.9842572446,
    "CO2tm": -0.7303518794,
    "COAtim": 0.0197824366,
    "CPPPGO": 2e-09,
    "CRNCARtm": 0.473704758,
    "CSNATm": 0.473704758,
    "CSNATr": 0.473704758,
    "CSm": 0.3645679709,
    "CTPS2": 0.0106121223,
    "CYSS": 0.0230010507,
    "CYSTL": 0.0122446707,
    "CYSTRS": 0.0070835959,
    "CYTK1": 0.0467837316,
    "DAGPYP_SC": 0.0021594863,
    "DASYNm_SC": 0.0118964556,
    "DB4PS": 9.393e-06,
    "DDPAm": 0.0536577525,
    "DHAD1m": 0.1045837294,
    "DHAD2m": 0.0408156738,
    "DHFR": 0.0012628955,
    "DHQS": 0.0536577525,
    "DHQTi": 0.0536577525,
    "DMATT": 0.0065941455,
    "DOLPMMer": 0.1595053671,
    "DOLPMTcer": 0.1595053671,
    "DOLPt2er": -0.1595053671,
    "DPMVD": 0.0197824366,
    "DROPPRy": 4.6965e-06,
    "DRTPPD": 4.6965e-06,
    "DTMPK": 0.0012628955,
    "DUTPDP": 0.0012628955,
    "E4Ptm": 0.0536577525,
    "ENO": 15.1970574641,
    "ERGSTter": 0.0032970728,
    "ERGTETROLter": 0.0032970728,
    "ETOHt": -13.073627134,
    "ETOHtm": -0.2982910625,
    "FACOAL140": 0.0033298507,
    "FACOAL160": 0.0099202226,
    "FACOAL161": 0.0056607462,
    "FACOAL180": 0.0007352996,
    "FACOAL181": 0.0079916417,
    "FACOAL182": 0.0029968656,
    "FAS100": 0.0345211507,
    "FAS100COA": 0.0026638806,
    "FAS120": 0.0347780855,
    "FAS120COA": 0.0019979104,
    "FAS140": 0.035660445,
    "FAS160": 0.0146509023,
    "FAS161": 0.0204517672,
    "FAS180COA": 0.0009296258,
    "FAS181": 0.0075857464,
    "FAS80COA_L": 0.0026638806,
    "FAS80_L": 0.0345211507,
    "FBA": 8.4341614339,
    "FCLTm": 2e-09,
    "FDH": 0.0019013424,
    "FE2t": 1.44517e-05,
    "FE2utm": 1.44365e-05,
    "FMNAT": 3.1615e-06,
    "FRDcm": 0.0994793948,
    "FTHFLi": 0.0014098199,
    "FUMm": 0.0994793948,
    "G3PD1ir": 1.4170982457,
    "G3PT": 1.4170982457,
    "G5SADs": 0.0291035391,
    "G5SD": 0.0291035391,
    "G6PDH2er": 0.0065941455,
    "G6PI": -0.3548257558,
    "G6PI3": 8.6556599051,
    "G6Pter": 0.0065941455,
    "GALUi": 0.3349714283,
    "GAPD": 15.3837408946,
    "GARFT": 0.0262540611,
    "GAT2_SC": 0.0159840546,
    "GCALDt": -1.2422e-05,
    "GHMT2r": 0.0944395757,
    "GK1": 0.0480733193,
    "GLCS2": 0.1023649788,
    "GLCt1": 9.010485661,
    "GLNS": 1.4627012619,
    "GLNTRS": 0.0232701907,
    "GLU5K": 0.0291035391,
    "GLUCYS": 0.0036459276,
    "GLUK": 9.010485661,
    "GLUPRT": 0.0262540611,
    "GLUSx": 1.2576777528,
    "GLUTRS": 0.0418197588,
    "GLUt7m": 0.0935316024,
    "GLYCt": -1.3997436907,
    "GLYTRS": 0.0375366983,
    "GLYt2m": 1.63e-08,
    "GMPS2": 0.0133460033,
    "GND": 0.0065941455,
    "GRTT": 0.0065941455,
    "GTHS": 0.0036459276,
    "GTPCII": 4.6965e-06,
    "GTPt2m": 0.0454198413,
    "H2Ot": -3.4715252488,
    "H2Oter": -0.0032970728,
    "H2Otm": 0.4601376196,
    "HACNHm": 0.0497894771,
    "HCITSm": 0.0497894771,
    "HCO3E": 1.4273505227,
    "HICITDm": 0.0497894771,
    "HISTD": 0.0165999948,
    "HISTP": 0.0165999948,
    "HISTRS": 0.0132195973,
    "HMBS": 2e-09,
    "HMGCOAR": -0.0197824366,
    "HMGCOASm": -0.0197824366,
    "HMGCOAtm": -0.0197824366,
    "HMPK1": 1.2422e-05,
    "HSDy": 0.1095754372,
    "HSERTA": 1.2422e-05,
    "HSK": 0.1095630152,
    "HSTPT": 0.0165999948,
    "ICDHyr": 0.3645679709,
    "IG3PS": 0.0165999948,
    "IGPDH": 0.0165999948,
    "IGPS": 0.0063257553,
    "ILETA": -0.0408156738,
    "ILETRS": 0.0399605096,
    "IMPC": -0.0428416338,
    "IMPD": 0.0133460033,
    "IPDDI": 0.0065941455,
    "IPMD": 0.0583639306,
    "IPPMIa": -0.0583639306,
    "IPPMIb": -0.0583639306,
    "IPPS": 0.0583639306,
    "KARA1im": 0.1045837294,
    "KARA2im": 0.0408156738,
    "Kt2r": 8.9905e-06,
    "LEUTA": -0.0583639306,
    "LEUTRS": 0.0575087663,
    "LNS14DM": 0.0032970728,
    "LNSTLS": 0.0032970728,
    "LPCAT_SC": 0.0013303978,
    "LYSTRS": 0.0497894771,
    "MALtm": 0.0272535006,
    "MAN1PT": 0.1595053671,
    "MAN6PI": -0.1595053671,
    "MANNANter": -0.1595053671,
    "MCITDm": 0.0497894771,
    "MDH": -0.3416075342,
    "MDHm": -0.0907521931,
    "ME1m": 0.3392537785,
    "ME2m": 0.1891415285,
    "METAT": 0.0132461345,
    "METS": 0.0254908052,
    "METTRS": 0.0122446707,
    "MEVK1": 0.0197824366,
    "MFAPS_SC": 0.0033163539,
    "MI1PP": 0.0047045951,
    "MI1PS": 0.0047045951,
    "MTHFC": 0.067685875,
    "MTHFD2i": 0.067685875,
    "MTHFR3": 0.0254908052,
    "NDPK2": 0.4037934076,
    "NDPK3": 0.0467837316,
    "NDPK4": 0.0012628955,
    "NH4t": 1.390980487,
    "O2t": 0.0676023919,
    "O2ter": 0.0032970728,
    "O2tm": 3.1e-09,
    "OAAt2m": 0.4410954608,
    "OCBT": 0.0437421252,
    "OMCDC": 0.0583639306,
    "OMPDC": 0.0235532993,
    "ORNTACim": 0.0437421252,
    "ORNt3m": 0.0437421252,