{
    "OROATP": 0.015185154,
    "MN2t": 3.9331e-06,
    "ZN2t": 3.36086e-05,
    "MG2t": 9.14634e-05,
    "SLIME_assembly_generic_lipid": 0.0122433863,
    "SLIME_assembly_generic_backbone": 0.0122433863,
    "SLIME_assembly_generic_chain": 0.023612245,
    "SLIME_rxn_pc_SC_c": 0.0021058624,
    "SLIME_rxn_pa_SC_c": 0.0012243386,
    "SLIME_rxn_pe_SC_c": 0.0021915661,
    "SLIME_rxn_ps_SC_c": 0.0002693545,
    "SLIME_rxn_ptd1ino_SC_c": 0.0029873863,
    "SLIME_rxn_12dgr_SC_c": 0.0005264656,
    "SLIME_rxn_triglyc_SC_c": 0.0008447937,
    "SLIME_rxn_dummy_ergstest_head_c": 0.0020936191,
    "SLIME_chain_C10_0_to_metabolite": 0.0001631519,
    "SLIME_chain_C12_0_to_metabolite": 0.0005602923,
    "SLIME_chain_C14_0_to_metabolite": 0.0017602491,
    "SLIME_chain_C16_0_to_metabolite": 0.0018129482,
    "SLIME_chain_C16_1_to_metabolite": -0.009392199,
    "SLIME_chain_C18_0_to_metabolite": 0.0004669103,
    "SLIME_chain_C18_1_to_metabolite": 0.0002577408,
    "SLIME_chain_C18_2_to_metabolite": 0.0019029895,
    "polyPkinase": 0.1770541797,
    "CYSTRSm": 1.92688e-05,
    "CysTransportMitochondria": 4.77182e-05,
    "PROTRSm": 0.000113327,
    "SERTRSm": 0.0001874046,
    "GLYTRSm": 0.0001885828,
    "ALATRSm": 0.0001813831,
    "GLUTRSm_glutaminetrna": 5.51168e-05,
    "GatFABm": 5.51168e-05,
    "13GS": 0.1337898875,
    "2DDA7Ptm": -0.0439042576,
    "2OBUTtm": 0.0329472738,
    "2OXOADPtim": 0.0409805538,
    "3C3HMPtm": -0.0479935223,
    "3C4MOPtm": 0.0003868232,
    "3MOBtm": -0.0365290047,
    "3MOPtm": -0.0326626254,
    "5AOPtm": -3.04533e-05,
    "6PGLter": -0.0041872381,
    "AACTOOR": 0.0005570414,
    "AASAD1": 0.0409805538,
    "AATA": 0.0409805538,
    "ABTA": 9.0248e-06,
    "ACACT1m": 0.0125617143,
    "ACALDt": -1.2801346711,
    "ACALDtm": -0.2684298477,
    "ACCOAC": 0.1681427967,
    "ACGKm": 0.0267090866,
    "ACHBSm": 0.0329472738,
    "ACLSm": 0.084522527,
    "ACONTm": 0.276268045,
    "ACOTAim": 0.0267090866,
    "ACS": 0.2375052795,
    "ACt2r": -0.0761177646,
    "ACtm": -0.2684298477,
    "ADHAPR_SC": 0.0101497672,
    "ADK1": 1.0548476171,
    "ADK1m": 0.0085938963,
    "ADK3m": -0.0054246125,
    "ADNUC": 0.0084112064,
    "ADPT": 0.0084112064,
    "ADSK": 0.0451841716,
    "ADSL1r": 0.0201074911,
    "ADSL2r": 0.0170683533,
    "ADSS": 0.0201074911,
    "AGAT_SC": 0.0101497672,
    "AGPRim": 0.0267090866,
    "AHCi": 0.0084112064,
    "AHMMPS": 9.0248e-06,
    "AICART": 0.0287562438,
    "AIRCr": 0.0170683533,
    "ALASm": 3.04533e-05,
    "ALATA_L": -0.0603356002,
    "ALATA_Lm": -0.0001529338,
    "ALATRS": 0.037741042,
    "ALDD2ym": 0.2684298477,
    "ANPRT": 0.0050357822,
    "ANS": 0.0050357822,
    "AOBUTDs": 0.0005570414,
    "ARGSL": 0.0267090866,
    "ARGSS": 0.0267090866,
    "ARGTRS": 0.0244018759,
    "ARGTRSm": 5.85447e-05,
    "ARGt2m": 5.85447e-05,
    "ASAD": -0.0731333407,
    "ASNS1": 0.0267770002,
    "ASNTRS": 0.0266512933,
    "ASNTRSm": 0.0001257069,
    "ASNt2m": 0.0001257069,
    "ASPK": 0.0731333407,
    "ASPTA": -0.2670544623,
    "ASPTAm": 0.054349709,
    "ASPTRS": 0.0297618073,
    "ASPTRSm": 5.79113e-05,
    "ASPt2m": 0.0544076203,
    "ATPPRT": 0.0116878905,
    "ATPS": 0.3971796634,
    "ATPS3m": 5.3067484777,
    "ATPtm_H": 5.2658846143,
    "BPNT": 0.0451841716,
    "C14STR": 0.0020936191,
    "C22STDS": 0.0020936191,
    "C24STRer": 0.0020936191,
    "C3STDH1": 0.0020936191,
    "C3STDH2": 0.0020936191,
    "C3STKR1": 0.0020936191,
    "C3STKR2": 0.0020936191,
    "C4STMO1": 0.0020936191,
    "C4STMO2": 0.0020936191,
    "C5STDS": 0.0020936191,
    "C8STI": 0.0020936191,
    "CAT": 0.062410235,
    "CBPS": 0.0267090866,
    "CHORM": 0.0388684754,
    "CHORS": 0.0439042576,
    "CITtam": -0.1645670167,
    "CITtbm": -0.0439042576,
    "CITtcm": 0.2084712743,
    "CO2t": -3.3962793289,
    "CO2tm": -0.6339015629,
    "COAtim": 0.0125617143,
    "CPPPGO": 3.8067e-06,
    "CSm": 0.276268045,
    "CTPS1": 0.0061980782,
    "CYOOm": 2.3610051437,
    "CYOR_u6m": 4.9699801033,
    "CYSS": 0.0451841716,
    "CYSTL": 0.009965006,
    "CYSTRS": 0.0054272468,
    "CYSt2r": -0.0264952896,
    "CYTK1": 0.0424414453,
    "CYTK2": 0.0005600443,
    "DAGPYP_SC": 0.0013712593,
    "DASYNm_SC": 0.0075541693,
    "DB4PS": 1.87561e-05,
    "DCMPDA": -0.0005600443,
    "DDPAm": 0.0439042576,
    "DHAD1m": 0.084522527,
    "DHAD2m": 0.0329472738,
    "DHAPtm": 4.4582844748,
    "DHFR": 0.0007266966,
    "DHQS": 0.0439042576,
    "DHQTi": 0.0439042576,
    "DMATT": 0.0041872381,
    "DOLPMMer": 0.0952479309,
    "DOLPMTcer": 0.0952479309,
    "DOLPt2er": -0.0952479309,
    "DPMVD": 0.0125617143,
    "DROPPRy": 9.3781e-06,
    "DRTPPD": 9.3781e-06,
    "DTMPK": 0.0007266966,
    "E4Ptm": 0.0439042576,
    "ENO": 2.4218897539,
    "ERGSTter": 0.0020936191,
    "ERGTETROLter": 0.0020936191,
    "FACOAL140": 0.0021144328,
    "FACOAL160": 0.0057089686,
    "FACOAL161": 0.0035945358,
    "FACOAL180": 0.0010572164,
    "FACOAL181": 0.0050746388,
    "FACOAL182": 0.0019029895,
    "FAS100": 0.0219206988,
    "FAS100COA": 0.0016915463,
    "FAS120": 0.0220838506,
    "FAS120COA": 0.0012686597,
    "FAS140": 0.022644143,
    "FAS160": 0.0093032245,
    "FAS161": 0.0129867348,
    "FAS180": 0.0005903061,
    "FAS181": 0.004816898,
    "FAS80COA_L": 0.0016915463,
    "FAS80_L": 0.0219206988,
    "FBA3": 1.3325682359,
    "FCLTm": 3.8067e-06,
    "FE2t": 3.22629e-05,
    "FE2utm": 3.2256e-05,
    "FMETTRSm": 1.24684e-05,
    "FMNAT": 8.1414e-06,
    "FORtm": 1.24684e-05,
    "FRDcm": 0.0638849311,
    "FTHFLi": 0.0021342216,
    "FUMm": 0.0638635026,
    "G3PD1ir": 4.4751006788,
    "G3PDm": 4.4582844748,
    "G3PT": 0.0168162039,
    "G5SADs": 0.0248357395,
    "G5SD": 0.0248357395,
    "G6PDH2r": 1.3486365143,
    "G6PDH2er": 0.0041872381,
    "G6PI3": 0.0206048751,
    "G6Pter": 0.0041872381,
    "GALUi": 0.2196704036,
    "GAPD": 3.0485400334,
    "GARFT": 0.0170773781,
    "GAT2_SC": 0.0101497672,
    "GCALDt": -9.0248e-06,
    "GHMT2r": 0.0628023093,
    "GK2": 0.0433760687,
    "GLCS2": 0.0611266978,
    "GLCt1": 2.1734797687,
    "GLNS": 0.133989267,
    "GLNTRS": 0.0189256873,
    "GLU5K": 0.0248357395,
    "GLUCYS": 0.0032398862,
    "GLUDy": -1.4117569518,
    "GLUK": 0.0206048751,
    "GLUPRT": 0.0170773781,
    "GLUTRS": 0.0345025907,
    "GLUTRSm": 5.20135e-05,
    "GLYAT": 0.0005570414,
    "GLYC3Ptm": 4.4582844748,
    "GLYCLm": 1.24684e-05,
    "GLYTRS": 0.0319907684,
    "GLYt2m": 0.0002315045,
    "GMPS2": 0.0086487527,
    "GND": 1.3528237524,
    "GRTT": 0.0041872381,
    "GTHOm": 0.1242634286,
    "GTHPm": 0.1242634286,
    "GTHS": 0.0032398862,
    "GTPCII": 9.3781e-06,
    "H2Ot": -6.2496419266,
    "H2Oter": -0.0020936191,
    "H2Otm": -9.6191196861,
    "HACNHm": 0.0409805538,
    "HCITSm": 0.0409805538,
    "HCO3E": 0.6225901921,
    "HEX1": 1.6002353605,
    "HEX7": 0.5526395331,
    "HICITDm": 0.0409805538,
    "HISTD": 0.0116878905,
    "HISTP": 0.0116878905,
    "HISTRS": 0.0103295844,
    "HISTRSm": 6.82766e-05,
    "HISt2m": -6.82766e-05,
    "HMBS": 3.8067e-06,
    "HMGCOAR": -0.0125617143,
    "HMGCOASm": -0.0125617143,
    "HMGCOAtm": -0.0125617143,
    "HMPK1": 9.0248e-06,
    "HSDy": 0.0731333407,
    "HSERTA": 9.0248e-06,
    "HSK": 0.0731243159,
    "HSTPT": 0.0116878905,
    "ICDHxm": 0.0677967707,
    "ICDHyr": 0.2084712743,
    "IG3PS": 0.0116878905,
    "IGPDH": 0.0116878905,
    "IGPS": 0.0050357822,
    "ILETA": -0.0326626254,
    "ILETAm": -0.0002846485,
    "ILETRS": 0.0322051337,
    "ILETRSm": 0.0002846485,
    "IMPC": -0.0287562438,
    "IMPD": 0.0086487527,
    "IPDDI": 0.0041872381,
    "IPMD": 0.0479935223,
    "IPPMIa": -0.0479935223,
    "IPPMIb": -0.0479935223,
    "IPPSm": 0.0479935223,
    "KARA1im": 0.084522527,
    "KARA2im": 0.0329472738,
    "Kt2r": 1.16256e-05,
    "LALDO3": 0.0005570414,
    "LCADi": 0.0005570414,
    "LEUTA": -0.047606699,
    "LEUTAm": -0.0003868232,
    "LEUTRS": 0.0471492073,
    "LEUTRSm": 0.0003868232,
    "LNS14DM": 0.0020936191,