{
    "OROATP": 0.0031734842,
    "MN2t": 1.2351e-06,
    "ZN2t": 1.45272e-05,
    "MG2t": 2.10971e-05,
    "SLIME_assembly_generic_lipid": 0.0038965492,
    "SLIME_assembly_generic_backbone": 0.0038965492,
    "SLIME_assembly_generic_chain": 0.0075147735,
    "SLIME_rxn_pc_SC_c": 0.0006702065,
    "SLIME_rxn_pa_SC_c": 0.0003896549,
    "SLIME_rxn_pe_SC_c": 0.0006974823,
    "SLIME_rxn_ps_SC_c": 8.57241e-05,
    "SLIME_rxn_ptd1ino_SC_c": 0.000950758,
    "SLIME_rxn_12dgr_SC_c": 0.0001675516,
    "SLIME_rxn_triglyc_SC_c": 0.0002688619,
    "SLIME_rxn_dummy_ergstest_head_c": 0.0006663099,
    "SLIME_chain_C10_0_to_metabolite": 5.19243e-05,
    "SLIME_chain_C12_0_to_metabolite": 0.0001783172,
    "SLIME_chain_C14_0_to_metabolite": 0.0005602124,
    "SLIME_chain_C16_0_to_metabolite": 0.0005769843,
    "SLIME_chain_C16_1_to_metabolite": -0.0029891375,
    "SLIME_chain_C18_0_to_metabolite": 0.0001485977,
    "SLIME_chain_C18_1_to_metabolite": 8.20279e-05,
    "SLIME_chain_C18_2_to_metabolite": 0.0006056406,
    "polyPkinase": 0.0461973362,
    "CYSTRSm": 5.4469e-06,
    "CysTransportMitochondria": 1.0731e-05,
    "PROTRSm": 3.2447e-05,
    "SERTRSm": 5.39544e-05,
    "GLYTRSm": 5.46009e-05,
    "ALATRSm": 5.27246e-05,
    "GLUTRSm_glutaminetrna": 1.60745e-05,
    "GatFABm": 1.60745e-05,
    "13GS": 0.03948444,
    "2OBUTtm": 0.0091734881,
    "2OXOADPtim": 0.011456777,
    "34HPPt2m": 3.674e-05,
    "3C3HMPtm": -0.0132674753,
    "3C4MOPtm": 0.0001126911,
    "3MOBtm": -0.0253913329,
    "3MOPtm": -0.0090913602,
    "5AOPtm": -7.7333e-06,
    "6PGLter": -0.0013326198,
    "AASAD1": 0.011456777,
    "AATA": 0.011456777,
    "ABTA": 1.8059e-06,
    "ACACT1m": 0.0039978595,
    "ACALDt": -0.0345642146,
    "ACCOAC": 0.053512702,
    "ACGKm": 0.0073123202,
    "ACHBSm": 0.0091734881,
    "ACLSm": 0.0237071333,
    "ACOAHim": 0.0610274754,
    "ACONTm": 0.3237202085,
    "ACOTAim": 0.0073123202,
    "ACS": 0.0665928568,
    "ACtm": -0.0610274754,
    "ADHAPR_SC": 0.0032302393,
    "ADK1": 0.6795519434,
    "ADK1m": 0.0027993201,
    "ADK3": -0.3610495473,
    "ADK3m": -0.0015644822,
    "ADPT": 0.0026769293,
    "ADSK": 0.0055635754,
    "ADSL1r": 0.0048995223,
    "ADSL2r": 0.0035401743,
    "ADSS": 0.0048995223,
    "AGAT_SC": 0.0032302393,
    "AGPRim": 0.0073123202,
    "AHCi": 0.0026769293,
    "AHMMPS": 1.8059e-06,
    "AICART": 0.006690146,
    "AIRCr": 0.0035401743,
    "AKGDam": 0.2342326726,
    "AKGDbm": 0.2342326726,
    "ALASm": 7.7333e-06,
    "ALATA_L": -0.0171088866,
    "ALATA_Lm": -4.74404e-05,
    "ALATRS": 0.0103392503,
    "ANPRT": 0.0013972489,
    "ANS": 0.0013972489,
    "ARGSL": 0.0073123202,
    "ARGSS": 0.0073123202,
    "ARGTRS": 0.0065864055,
    "ARGTRSm": 1.66491e-05,
    "ARGt2m": 1.66491e-05,
    "ASAD": -0.0215462567,
    "ASNS1": 0.0078128769,
    "ASNTRS": 0.0077771179,
    "ASNTRSm": 3.5759e-05,
    "ASNt2m": 3.5759e-05,
    "ASPK": 0.0215462567,
    "ASPTA": -0.0575729076,
    "ASPTAm": -1.67218e-05,
    "ASPTRS": 0.0086914427,
    "ASPTRSm": 1.67218e-05,
    "ATPPRT": 0.0031499717,
    "ATPS": 0.1849591348,
    "ATPS3m": 2.2618768251,
    "ATPtm_H": 2.4840703317,
    "BPNT": 0.0055635754,
    "C14STR": 0.0006663099,
    "C22STDS": 0.0006663099,
    "C24STRer": 0.0006663099,
    "C3STDH1": 0.0006663099,
    "C3STDH2": 0.0006663099,
    "C3STKR1": 0.0006663099,
    "C3STKR2": 0.0006663099,
    "C4STMO1": 0.0006663099,
    "C4STMO2": 0.0006663099,
    "C5STDS": 0.0006663099,
    "C8STI": 0.0006663099,
    "CAT": 0.0269184854,
    "CBPS": 0.0073123202,
    "CHORM": 0.0110802533,
    "CHORS": 0.0124775022,
    "CITtam": -0.0706871255,
    "CITtcm": 0.0706871255,
    "CO2t": -1.1728739302,
    "CO2tm": -0.9545567818,
    "COAtim": 0.0039978595,
    "CPPPGO": 9.667e-07,
    "CSm": 0.3237202085,
    "CTPS1": 0.0012648134,
    "CYOOm": 1.0229024441,
    "CYOR_u6m": 2.1534788296,
    "CYSS": 0.0055635754,
    "CYSTL": 0.002731538,
    "CYSTRS": 0.0014508869,
    "CYTK1": 0.0372914469,
    "CYTK2": 0.0001570778,
    "DAGPYP_SC": 0.0004364135,
    "DASYNm_SC": 0.0024041709,
    "DB4PS": 5.7853e-06,
    "DCMPDA": -0.0001570778,
    "DDPA": 0.0124775022,
    "DHAD1m": 0.0237071333,
    "DHAD2m": 0.0091734881,
    "DHFR": 0.0002038194,
    "DHQS": 0.0124775022,
    "DHQTi": 0.0124775022,
    "DMATT": 0.0013326198,
    "DOLPMMer": 0.0281101364,
    "DOLPMTcer": 0.0281101364,
    "DOLPt2er": -0.0281101364,
    "DPMVD": 0.0039978595,
    "DROPPRy": 2.8927e-06,
    "DRTPPD": 2.8927e-06,
    "DTMPK": 0.0002038194,
    "ENO": 0.7370395704,
    "ERGSTter": 0.0006663099,
    "ERGTETROLter": 0.0006663099,
    "FACOAL140": 0.000672934,
    "FACOAL160": 0.0018169219,
    "FACOAL161": 0.0011439879,
    "FACOAL180": 0.000336467,
    "FACOAL181": 0.0016150417,
    "FACOAL182": 0.0006056406,
    "FAS100": 0.0069764262,
    "FAS100COA": 0.0005383472,
    "FAS120": 0.0070283505,
    "FAS120COA": 0.0004037604,
    "FAS140": 0.0072066678,
    "FAS160": 0.0029608208,
    "FAS161": 0.0041331254,
    "FAS180": 0.0001878693,
    "FAS181": 0.0015330138,
    "FAS80COA_L": 0.0005383472,
    "FAS80_L": 0.0069764262,
    "FBA": 0.2855351733,
    "FBA3": 0.0746214075,
    "FCLTm": 9.667e-07,
    "FDH": 0.0006749879,
    "FDNG": 3.668e-06,
    "FE2t": 6.2551e-06,
    "FE2utm": 6.2508e-06,
    "FMETTRSm": 3.668e-06,
    "FMNAT": 2.579e-06,
    "FORtm": 3.668e-06,
    "FUM": 0.0157520168,
    "FUMm": 0.2342267453,
    "G3PD1ir": 0.0074672563,
    "G3PT": 0.0074672563,
    "G5SADs": 0.0074788698,
    "G5SD2": 0.0074788698,
    "G6PDH2r": 0.2213243766,
    "G6PDH2er": 0.0013326198,
    "G6PI": -0.0817699638,
    "G6PI3": 0.2515014044,
    "G6Pter": 0.0013326198,
    "GALUi": 0.0724539861,
    "GAPD": 0.77315682,
    "GARFT": 0.0035419802,
    "GAT2_SC": 0.0032302393,
    "GBEZ": 0.0180400359,
    "GCALDt": -1.8059e-06,
    "GHMT2r": 0.0158444129,
    "GHMT2rm": 3.668e-06,
    "GK1": 0.0365179397,
    "GLCt1": 0.5624926551,
    "GLNS": 0.0343462104,
    "GLNTRS": 0.0051525071,
    "GLU5K": 0.0074788698,
    "GLUCYS": 0.0013686137,
    "GLUDy": -0.2662060239,
    "GLUK": 0.3332713682,
    "GLUPRT": 0.0035419802,
    "GLUTRS": 0.0096228214,
    "GLUTRSm": 1.52386e-05,
    "GLYGS": 0.0180400359,
    "GLYTRS": 0.0090468848,
    "GLYt2m": 5.86661e-05,
    "GMPS2": 0.0017906237,
    "GND": 0.2226569964,
    "GRTT": 0.0013326198,
    "GTHOm": 0.0538369707,
    "GTHPm": 0.0538369707,
    "GTHS": 0.0013686137,
    "GTPCII": 2.8927e-06,
    "H2Ot": -1.866073908,
    "H2Oter": -0.0006663099,
    "H2Otm": -3.7906992143,
    "HACNHm": 0.011456777,
    "HCITSm": 0.011456777,
    "HCO3E": 0.1931541914,
    "HEX1": 0.2292212869,
    "HICITDm": 0.011456777,
    "HISTD": 0.0031499717,
    "HISTP": 0.0031499717,
    "HISTRS": 0.0029339445,
    "HISTRSm": 1.94209e-05,
    "HISt2m": -1.94209e-05,
    "HMBS": 9.667e-07,
    "HMGCOAR": -0.0039978595,
    "HMGCOASm": -0.0039978595,
    "HMGCOAtm": -0.0039978595,
    "HMPK1": 1.8059e-06,
    "HSDy": 0.0215462567,
    "HSERTA": 1.8059e-06,
    "HSK": 0.0215444508,
    "HSTPT": 0.0031499717,
    "ICDHxm": 0.1590068386,
    "ICDHyr": 0.0706871255,
    "ICDHym": 0.0940262444,
    "IG3PS": 0.0031499717,
    "IGPDH": 0.0031499717,
    "IGPS": 0.0013972489,
    "ILETA": -0.0090913602,
    "ILETAm": -8.21279e-05,
    "ILETRS": 0.0089769757,
    "ILETRSm": 8.21279e-05,
    "IMPC": -0.006690146,
    "IMPD": 0.0017906237,
    "IPDDI": 0.0013326198,
    "IPMD": 0.0132674753,
    "IPPMIa": -0.0132674753,
    "IPPMIb": -0.0132674753,
    "IPPSm": 0.0132674753,
    "KARA1im": 0.0237071333,
    "KARA2im": 0.0091734881,
    "Kt2r": 2.1022e-06,
    "LEUTA": -0.0131547843,
    "LEUTAm": -0.0001126911,
    "LEUTRS": 0.0130403998,
    "LEUTRSm": 0.0001126911,
    "LNS14DM": 0.0006663099,
    "LNSTLS": 0.0006663099,
    "LYSTRS": 0.0114414066,
    "LYSTRSm": 1.53703e-05,
    "LYSt2m": 1.53703e-05,
    "MALtm": 0.0188230596,
    "MAN1PT": 0.0281101364,
    "MAN6PI": -0.0281101364,
    "MANNANter": -0.0281101364,
    "MCITDm": 0.011456777,
    "MDH": -0.0747562616,