{
    "OROATP": 5.50474e-05,
    "MN2t": 0.0,
    "ZN2t": 1.128e-07,
    "MG2t": 3.4360000000000003e-07,
    "SLIME_assembly_generic_lipid": 0,
    "SLIME_assembly_generic_backbone": 0,
    "SLIME_assembly_generic_chain": 0,
    "SLIME_rxn_pc_SC_c": 0,
    "SLIME_rxn_pa_SC_c": 0,
    "SLIME_rxn_pe_SC_c": 0,
    "SLIME_rxn_ps_SC_c": 0,
    "SLIME_rxn_ptd1ino_SC_c": 0,
    "SLIME_rxn_12dgr_SC_c": 0,
    "SLIME_rxn_triglyc_SC_c": 0,
    "SLIME_rxn_dummy_ergstest_head_c": 0,
    "SLIME_chain_C10_0_to_metabolite": 0,
    "SLIME_chain_C12_0_to_metabolite": 0,
    "SLIME_chain_C14_0_to_metabolite": 0,
    "SLIME_chain_C16_0_to_metabolite": 0,
    "SLIME_chain_C16_1_to_metabolite": 0,
    "SLIME_chain_C18_0_to_metabolite": 0,
    "SLIME_chain_C18_1_to_metabolite": 0,
    "SLIME_chain_C18_2_to_metabolite": 0,
    "polyPkinase": 0.0011898500000000001,
    "CYSTRSm": 3.8400000000000005e-06,
    "CysTransportMitochondria": 0,
    "PROTRSm": 1.0944e-06,
    "SERTRSm": 1.4272e-06,
    "GLYTRSm": 2.2080000000000003e-06,
    "ALATRSm": 1.5744000000000001e-06,
    "GLUTRSm_glutaminetrna": 8.920800000000001e-06,
    "GatFABm": 5.935e-07,
    "13GS": 0.0022570966,
    "2DDA7Ptm": 0.0001453413,
    "2OBUTtm": 0.0001113969,
    "2OXOADPtim": 0.0001363164,
    "34HPPt2m": 5.49127e-05,
    "3C3HMPtm": 0.00015921540000000001,
    "3C4MOPtm": 1.5266e-06,
    "3MOBtm": 0.00012670780000000002,
    "3MOPtm": 0.0001102744,
    "5AOPtm": 1.347e-07,
    "6PGLter": 1.40088e-05,
    "AASAD2": 0.0038453175,
    "AATA": 0.0001363164,
    "ABTA": 0.0003252552,
    "ACACT1m": 0.0024291532,
    "ACALDtm": 0.000573373,
    "ACCOAC": 0.0045404216,
    "ACGKm": 0.0024563569,
    "ACHBSm": 0.0007429548,
    "ACLSm": 0.0019073222,
    "ACONTm": 0.001605043,
    "ACOTAim": 0.0013319536,
    "ACS": 0.0094132426,
    "ACSm": 0.0004030589,
    "ACt2r": 0.0214938229,
    "ACtm": 0.00021852830000000003,
    "ADK1": 0.0028121406,
    "ADK1m": 0.0001944225,
    "ADK3": 0.0015137958,
    "ADK3m": 1.0665e-05,
    "ADPT": 1.13487e-05,
    "ADSK": 0.0024085268,
    "ADSL1r": 0.0026546632,
    "ADSL2r": 0.0023211192,
    "ADSS": 0.0035575848,
    "AGAT_SC": 0.0001295022,
    "AGPRim": 0.0024563569,
    "AGTi": 2.33916e-05,
    "AHCi": 0.022138065000000002,
    "AHMMPS": 0.0,
    "AICART": 0.0002691232,
    "AIRCr": 0.0018980611,
    "ALASm": 0.0001755702,
    "ALATA_L": 0.000491236,
    "ALATA_Lm": 0.000803515,
    "ALATRS": 0.000276012,
    "ALCD2x_new": 0.0077212800000000005,
    "ALDD2y": 0.046413499999999996,
    "ALDD2ym": 0.0002814537,
    "ANPRT": 0.00027968000000000003,
    "ANS": 0.0021897407999999998,
    "ARGSL": 0.0034102728,
    "ARGSS": 0.012250056,
    "ARGTRS": 0.0016436346000000001,
    "ARGTRSm": 3.215e-07,
    "ARGt2m": 2.245e-07,
    "ASAD": 0.006064402,
    "ASNS1": 0.0035629308,
    "ASNTRS": 0.002346467,
    "ASNTRSm": 5.412e-07,
    "ASNt2m": 4.938999999999999e-07,
    "ASPGLU2m": 0.0006284234,
    "ASPK": 0.0027259602,
    "ASPTA": 0.002331735,
    "ASPTAm": 0.0001972528,
    "ASPTRS": 0.0048079125999999995,
    "ASPTRSm": 3.29e-07,
    "ASPt2m": 0.00041101459999999995,
    "ATPPRT": 0.0024757029,
    "ATPS": 0.0392837445,
    "ATPS3m": 0.09052932699999999,
    "ATPtm_H": 0.0012537984,
    "BPNT": 0.001805036,
    "C14STR": 6.8328e-06,
    "C22STDS": 0.0001676752,
    "C24STRer": 0.00020821459999999998,
    "C3STDH1": 0.00042543100000000004,
    "C3STDH2": 0.00042543100000000004,
    "C3STKR1": 8.13368e-05,
    "C3STKR2": 8.13368e-05,
    "C4STMO1": 4.836e-06,
    "C4STMO2": 4.836e-06,
    "C5STDS": 5.7096e-06,
    "C8STI": 3.4632e-06,
    "CAT": 2.9501199999999998e-05,
    "CBPS": 0.0037426760000000003,
    "CCP2m": 0.0009286707000000001,
    "CHORM": 0.0001466368,
    "CHORS": 0.0014080196,
    "CITtam": 0.0003769194,
    "CITtbm": 5.8304999999999995e-06,
    "CITtcm": 0.0002151305,
    "CO2t": 0,
    "CO2tm": 0,
    "COAtim": 3.34509e-05,
    "CPPPGO": 0.0,
    "CSm": 0.01229593,
    "CTPS1": 0.000233916,
    "CTPtm": 2.19791e-05,
    "CYOOm": 0.012381153399999999,
    "CYOR_u6m": 0.0275352208,
    "CYSS": 9.06988e-05,
    "CYSTL": 2.53363e-05,
    "CYSTRS": 0.0009394176,
    "CYSt2r": 6.232199999999999e-05,
    "CYTK1": 0.0001161563,
    "CYTK2": 1.9755999999999998e-06,
    "DAGPYP_SC": 2.7948e-06,
    "DASYNm_SC": 5.1570800000000004e-05,
    "DB4PS": 0.0018109139999999998,
    "DCMPDA": 1.3772e-06,
    "DDPAm": 0.001274206,
    "DHAD1m": 0.0007288668,
    "DHAD2m": 0.0002838584,
    "DHAPtm": 0.0050403393,
    "DHFR": 1.2027e-06,
    "DHQS": 0.000780054,
    "DHQTi": 0.000780054,
    "DMATT": 0.002878056,
    "DOLPMMer": 0.00013975079999999998,
    "DOLPMTcer": 0.000780174,
    "DOLPt2er": 0.00032880269999999997,
    "DPMVD": 0.0021548736,
    "DROPPRy": 4.88e-08,
    "DRTPPD": 5.92e-08,
    "DTMPK": 2.4624e-06,
    "E4Ptm": 0.0001453413,
    "ENO": 0.026737709999999998,
    "ERGSTter": 7.0044e-06,
    "ERGTETROLter": 7.0044e-06,
    "ETOHt": 0,
    "FACOAL140": 1.0980999999999999e-05,
    "FACOAL160": 3.2665e-05,
    "FACOAL161": 1.8625999999999998e-05,
    "FACOAL180": 2.4325e-06,
    "FACOAL181": 2.6271e-05,
    "FACOAL182": 9.869e-06,
    "FAS100": 0.0062575140000000005,
    "FAS100COA": 0.0015277354,
    "FAS120": 0.019928209,
    "FAS120COA": 0.0011443922,
    "FAS140": 0.0204327563,
    "FAS160": 0.00422805,
    "FAS161": 3.0008e-05,
    "FAS180COA": 0.0002452269,
    "FAS181": 1.1129e-05,
    "FAS80COA_L": 0.0015277354,
    "FAS80_L": 0.0062575140000000005,
    "FBA3": 0.0016769172,
    "FCLTm": 0.0004801674,
    "FE2t": 1.656e-07,
    "FE2utm": 8.98e-08,
    "FMETTRSm": 4.01e-08,
    "FMNAT": 3.06e-08,
    "FTHFLi": 0.0001224124,
    "FTHFLmi": 0.00075816,
    "FUM": 0.010449251199999999,
    "FUMm": 0.000918416,
    "G3PD1ir": 0.0017203609,
    "G3PDm": 0.003096145,
    "G3PT": 2.88399e-05,
    "G5SADs": 7.97424e-05,
    "G6PDH2r": 5.4943999999999994e-05,
    "G6PDH2er": 1.40088e-05,
    "G6PI": 0.0004135056,
    "G6PI3": 0.006227514,
    "G6Pter": 1.40088e-05,
    "GALUi": 0.0007947653,
    "GAPD": 0.0424610736,
    "GARFT": 2.94678e-05,
    "GAT1_SC": 8.15814e-05,
    "GCALDt": 0.0,
    "GHMT2r": 0.013389736000000001,
    "GK1": 0.0010734174,
    "GLCS2": 3.78624e-05,
    "GLCt1": 0.0009840285999999998,
    "GLNS": 0.002106336,
    "GLNTRS": 0.0019426517000000001,
    "GLUCYS": 1.41024e-05,
    "GLUDy": 0.0160952988,
    "GLUK": 0.00026065,
    "GLUPRT": 0.0019942286,
    "GLUTRS": 0.0047203068,
    "GLUTRSm": 2.68e-07,
    "GLYC3Ptm": 0.0050403393,
    "GLYTRS": 0.000289842,
    "GLYt2m": 8.531e-07,
    "GMPS2": 0.00191898,
    "GND": 0.0004481196,
    "GRTT": 0.002878056,
    "GTHS": 0.0007057248,
    "GTPCII": 3.46e-08,
    "H2Ot": 0.0054418525,
    "H2Oter": 0,
    "H2Otm": 0,
    "HACNHm": 0.0018986452,
    "HCITSm": 0.0001363164,
    "HCO3E": 0.0020768495,
    "HICITDm": 0.0021916008,
    "HISTD": 0.0034268799999999998,
    "HISTP": 3.0016e-05,
    "HISTRS": 4.16052e-05,
    "HISTRSm": 3.276e-07,
    "HISt2m": 2.694e-07,
    "HMBS": 0.0,
    "HMGCOAR": 9.79165e-05,
    "HMGCOASm": 0.0079199282,
    "HMGCOAtm": 4.20713e-05,
    "HMPK1": 0.0,
    "HSDy": 0.0002594134,
    "HSERTA": 0.0,
    "HSK": 0.0009135629999999999,
    "HSTPT": 0.0007828466,
    "ICDHyr": 0.0036439816000000003,
    "ICL": 6.76296e-05,
    "IG3PS": 0.0012267648,
    "IGPDH": 0.000230604,
    "IGPS": 1.4907199999999998e-05,
    "ILETA": 3.25351e-05,
    "ILETAm": 0.0006106212,
    "ILETRS": 0.0031605775999999997,
    "ILETRSm": 2.505e-06,
    "IMPC": 0.008125792,
    "IMPD": 0.00020894999999999998,
    "IPDDI": 0.0006262630000000001,
    "IPMD": 0.00047946400000000003,
    "IPPMIa": 0.00027658800000000003,
    "IPPMIb": 0.00027658800000000003,
    "IPPSm": 0.0004389948,
    "KARA1im": 0.0024438923,
    "KARA2im": 0.000952006,
    "Kt2r": 4.49e-08,
    "LEUTA": 4.6521800000000006e-05,
    "LEUTAm": 0.0008302762000000001,
    "LEUTRS": 0.004385397,
    "LEUTRSm": 3.0395999999999997e-06,
    "LNS14DM": 0.000736848,
    "LNSTLS": 1.14036e-05,
    "LYSTRS": 0.003936651,