{
    "OROATP": 5.7382199999999994e-05,
    "MN2t": 0.0,
    "ZN2t": 1.504e-07,
    "MG2t": 6.872000000000001e-07,
    "SLIME_assembly_generic_lipid": 0,
    "SLIME_assembly_generic_backbone": 0,
    "SLIME_assembly_generic_chain": 0,
    "SLIME_rxn_pc_SC_c": 0,
    "SLIME_rxn_pa_SC_c": 0,
    "SLIME_rxn_pe_SC_c": 0,
    "SLIME_rxn_ps_SC_c": 0,
    "SLIME_rxn_ptd1ino_SC_c": 0,
    "SLIME_rxn_12dgr_SC_c": 0,
    "SLIME_rxn_triglyc_SC_c": 0,
    "SLIME_rxn_dummy_ergstest_head_c": 0,
    "SLIME_chain_C10_0_to_metabolite": 0,
    "SLIME_chain_C12_0_to_metabolite": 0,
    "SLIME_chain_C14_0_to_metabolite": 0,
    "SLIME_chain_C16_0_to_metabolite": 0,
    "SLIME_chain_C16_1_to_metabolite": 0,
    "SLIME_chain_C18_0_to_metabolite": 0,
    "SLIME_chain_C18_1_to_metabolite": 0,
    "SLIME_chain_C18_2_to_metabolite": 0,
    "polyPkinase": 0.0015356698,
    "CYSTRSm": 1.0751999999999999e-06,
    "CysTransportMitochondria": 0,
    "PROTRSm": 1.0368e-06,
    "SERTRSm": 1.55208e-05,
    "GLYTRSm": 1.3800000000000001e-06,
    "ALATRSm": 9.84e-07,
    "GLUTRSm_glutaminetrna": 2.6196e-06,
    "GatFABm": 3.561e-07,
    "13GS": 0.0013199332,
    "2DDA7Ptm": 0.00018359610000000002,
    "2OBUTtm": 0.0001361368,
    "2OXOADPtim": 0.0001659055,
    "34HPPt2m": 6.96399e-05,
    "3C3HMPtm": 0.0001967967,
    "3C4MOPtm": 9.429000000000001e-07,
    "3MOBtm": 0.0001496517,
    "3MOPtm": 0.0001354184,
    "5AOPtm": 8.98e-08,
    "6PGLter": 2.18214e-05,
    "AASAD1": 0.0015922395,
    "AATA": 0.0001659055,
    "ABTA": 0.0005043792000000001,
    "ACACT1m": 0.0019683488,
    "ACALDtm": 0.0038768456,
    "ACCOAC": 0.0045712784,
    "ACGKm": 0.0022920416999999997,
    "ACHBSm": 0.0010349745,
    "ACLSm": 0.0026340818,
    "ACOAHim": 0.003729866,
    "ACONTm": 0.0004879656,
    "ACOTAim": 0.001325,
    "ACS": 0.0044632683999999995,
    "ACt2r": 0.0038514090999999997,
    "ACtm": 0.0017963592,
    "ADK1": 0.0013343754,
    "ADK1m": 1.22625e-05,
    "ADK3": 0.0006628475999999999,
    "ADK3m": 6.704999999999999e-06,
    "ADNUC": 3.315e-05,
    "ADPT": 1.76475e-05,
    "ADSK": 0.0009300686,
    "ADSL1r": 0.0016305096,
    "ADSL2r": 0.0013175952,
    "ADSS": 0.0018629884,
    "AGAT_SC": 7.617419999999999e-05,
    "AGPRim": 0.0022920416999999997,
    "AHCi": 0.011958975,
    "AHMMPS": 4.49e-08,
    "AICART": 0.00028013399999999997,
    "AIRCr": 0.0012373570000000001,
    "ALASm": 6.818579999999999e-05,
    "ALATA_L": 0.0005966968,
    "ALATA_Lm": 0.000603674,
    "ALATRS": 0.00033042719999999996,
    "ALCD2irm": 3.9295800000000004e-05,
    "ANPRT": 0.00020858200000000002,
    "ANS": 0.0017607999999999999,
    "ARGSL": 0.0020620168,
    "ARGSS": 0.007919352,
    "ARGTRS": 0.0011475335,
    "ARGTRSm": 1.49176e-05,
    "ARGt2m": 1.347e-07,
    "ASAD": 0.0036152520000000002,
    "ASNS1": 0.0023519496,
    "ASNTRS": 0.0013865512,
    "ASNTRSm": 3.444e-07,
    "ASNt2m": 3.143e-07,
    "ASPK": 0.0014689598000000002,
    "ASPTA": 0.00030662420000000004,
    "ASPTAm": 0.000587148,
    "ASPTRS": 0.0031628688,
    "ASPTRSm": 5.78382e-05,
    "ASPt2m": 0.0002917602,
    "ATPPRT": 0.0011074536,
    "ATPS": 0.0258696438,
    "ATPS3m": 0.035418690999999995,
    "ATPtm_H": 9.9216e-06,
    "BPNT": 0.0006541376,
    "C14STR": 1.06434e-05,
    "C22STDS": 0.0001788864,
    "C24STRer": 0.00013319679999999998,
    "C3STDH1": 0.0003609358,
    "C3STDH2": 0.0003609358,
    "C3STKR1": 6.96776e-05,
    "C3STKR2": 6.96776e-05,
    "C4STMO1": 1.5903e-05,
    "C4STMO2": 1.5903e-05,
    "C5STDS": 0.0008093358,
    "C8STI": 5.3946e-06,
    "CAT": 0.0001333184,
    "CBPS": 0.0017565912,
    "CCP2m": 0.00047373179999999997,
    "CHORM": 0.0001051136,
    "CHORS": 0.0008989188,
    "CITtam": 0.0003405909,
    "CITtbm": 2.6312e-06,
    "CITtcm": 3.3787e-06,
    "CO2t": 0,
    "CO2tm": 0,
    "COAtim": 5.2014899999999996e-05,
    "CPPPGO": 0.00010312320000000001,
    "CSm": 0.0066772121,
    "CTPS1": 0.0003926778,
    "CYOOm": 0.0052466407,
    "CYOR_u6m": 0.0113195472,
    "CYSS": 9.928799999999999e-05,
    "CYSTL": 3.20199e-05,
    "CYSTRS": 0.0005116416,
    "CYTK1": 0.0003780131,
    "CYTK2": 2.694e-06,
    "DAGPYP_SC": 4.3566e-06,
    "DASYNm_SC": 8.024160000000001e-05,
    "DB4PS": 0.000685692,
    "DCMPDA": 6.51353e-05,
    "DDPAm": 0.000981721,
    "DHAD1m": 0.0011898144000000001,
    "DHAD2m": 0.00046751080000000003,
    "DHFR": 5.924880000000001e-05,
    "DHQS": 0.000421032,
    "DHQTi": 0.000421032,
    "DMATT": 0.001983598,
    "DOLPMMer": 8.41248e-05,
    "DOLPMTcer": 0.0006538296000000001,
    "DOLPt2er": 0.00047122550000000004,
    "DPMVD": 0.0015061464,
    "DROPPRy": 0.0,
    "DRTPPD": 1.184e-05,
    "DTMPK": 1.47744e-05,
    "E4Ptm": 0.00018359610000000002,
    "ENO": 0.060517408800000005,
    "ERGSTter": 1.09107e-05,
    "ERGTETROLter": 1.09107e-05,
    "ETOHt": 0,
    "ETOHtm": 0,
    "FACOAL140": 6.7832e-05,
    "FACOAL161": 2.8981500000000004e-05,
    "FACOAL180": 3.7530000000000003e-06,
    "FACOAL181": 4.0866e-05,
    "FACOAL182": 1.53595e-05,
    "FAS100": 0.0064069051000000005,
    "FAS100COA": 0.0012035849,
    "FAS120": 0.0157255273,
    "FAS120COA": 0.0009048027,
    "FAS140": 0.0161257827,
    "FAS160": 0.0008766157,
    "FAS160COA": 0.0008512474,
    "FAS161": 4.668600000000001e-05,
    "FAS180COA": 0.0001212041,
    "FAS181": 1.7329e-05,
    "FAS80COA_L": 0.0012035849,
    "FAS80_L": 0.0064069051000000005,
    "FBA": 0.0034030747999999997,
    "FBA3": 0.015799453800000002,
    "FCLTm": 0.0002797374,
    "FDH": 2.8565e-06,
    "FE2t": 1.656e-07,
    "FE2utm": 4.49e-08,
    "FMETTRSm": 4.01e-08,
    "FMNAT": 9.9144e-06,
    "FORtm": 4.49e-08,
    "FTHFLi": 1.05952e-05,
    "FUM": 0.0039471392,
    "FUMm": 3.904e-07,
    "G3PD1ir": 0.0012146024,
    "G3PT": 0.0003826244,
    "G5SADs": 0.0001058742,
    "G5SD": 0.0008068007999999999,
    "G6PDH2r": 0.0016482695000000001,
    "G6PDH2er": 2.18214e-05,
    "G6Pter": 2.18214e-05,
    "GALUi": 0.0012869765,
    "GAPD": 0.047592731199999995,
    "GARFT": 0.0002068524,
    "GAT1_SC": 0.00022847250000000003,
    "GCALDt": 4.49e-08,
    "GHMT2r": 0.007643892,
    "GHMT2rm": 1.964e-07,
    "GK1": 0.0008428464,
    "GLCS2": 7.9424e-05,
    "GLCt1": 0.0004132647,
    "GLNS": 0.001183112,
    "GLNTRS": 0.0009187813,
    "GLU5K": 0.0001298124,
    "GLUCYS": 0.00023919839999999998,
    "GLUDxi": 0.0015423408,
    "GLUDy": 0.009654400799999999,
    "GLUPRT": 0.0011103008,
    "GLUTRS": 0.0026922407999999997,
    "GLUTRSm": 1.1792e-05,
    "GLYTRS": 0.000351024,
    "GLYt2m": 5.388e-07,
    "GMPS2": 0.001244565,
    "GND": 0.0058457016,
    "GRTT": 0.001983598,
    "GTHS": 0.00034892640000000003,
    "GTPCII": 7.51858e-05,
    "H2Ot": 0.0089371094,
    "H2Oter": 0,
    "H2Otm": 0,
    "HACNHm": 0.0015268693999999998,
    "HCITSm": 0.0001659055,
    "HCO3E": 0.003276802,
    "HEX1": 0.0060614,
    "HICITDm": 0.00143592,
    "HISTD": 0.00151688,
    "HISTP": 5.0015499999999996e-05,
    "HISTRS": 5.3781e-05,
    "HISTRSm": 2.184e-07,
    "HISt2m": 1.796e-07,
    "HMBS": 0.000111356,
    "HMGCOAR": 0.0010054106000000002,
    "HMGCOASm": 0.0035965750000000003,
    "HMGCOAtm": 6.54193e-05,
    "HMPK1": 5.5100000000000004e-08,
    "HSDy": 3.61872e-05,
    "HSERTA": 0.00017496,
    "HSK": 0.000750771,
    "HSTPT": 0.0005334134,
    "ICDHyr": 0.0029539412,
    "ICDHym": 0.0015111954,
    "IG3PS": 0.0008679648,
    "IGPDH": 0.000340384,
    "IGPS": 2.60392e-05,
    "ILETA": 2.91798e-05,
    "ILETAm": 8.274000000000001e-07,
    "ILETRS": 0.0018142528000000002,
    "ILETRSm": 1.6032e-06,
    "IMPC": 0.0031889178,
    "IMPD": 9.807e-05,
    "IPDDI": 0.00039434050000000003,
    "IPMD": 0.00069423,
    "IPPMIa": 0.000380406,
    "IPPMIb": 0.000380406,
    "IPPSm": 0.0005426154,
    "KARA1im": 0.0047704711000000006,
    "KARA2im": 0.0018743958000000001,
    "Kt2r": 4.49e-08,
    "LEUTA": 4.21863e-05,
    "LEUTAm": 1.1031999999999999e-06,
    "LEUTRS": 0.002088767,
    "LEUTRSm": 5.04216e-05,
    "LNS14DMx": 0.0007535745000000001,
    "LNSTLS": 3.91816e-05,