{
    "OROATP": 0.0059104661,
    "MN2t": 1.4232e-06,
    "ZN2t": 1.9247e-05,
    "MG2t": 3.23828e-05,
    "SLIME_assembly_generic_lipid": 0.0065655971,
    "SLIME_assembly_generic_backbone": 0.0065655971,
    "SLIME_assembly_generic_chain": 0.012662223,
    "SLIME_rxn_pc_SC_c": 0.0011292827,
    "SLIME_rxn_pa_SC_c": 0.0006565597,
    "SLIME_rxn_pe_SC_c": 0.0011752419,
    "SLIME_rxn_ps_SC_c": 0.0001444431,
    "SLIME_rxn_ptd1ino_SC_c": 0.0016020057,
    "SLIME_rxn_12dgr_SC_c": 0.0002823207,
    "SLIME_rxn_triglyc_SC_c": 0.0004530262,
    "SLIME_rxn_dummy_ergstest_head_c": 0.0011227171,
    "SLIME_chain_C10_0_to_metabolite": 8.74913e-05,
    "SLIME_chain_C12_0_to_metabolite": 0.0003004605,
    "SLIME_chain_C14_0_to_metabolite": 0.0009439453,
    "SLIME_chain_C16_0_to_metabolite": 0.0009722055,
    "SLIME_chain_C16_1_to_metabolite": -0.005036629,
    "SLIME_chain_C18_0_to_metabolite": 0.0002503837,
    "SLIME_chain_C18_1_to_metabolite": 0.0001382152,
    "SLIME_chain_C18_2_to_metabolite": 0.0010204908,
    "polyPkinase": 0.0790871398,
    "CYSTRSm": 4.9077e-06,
    "CysTransportMitochondria": 1.06936e-05,
    "PROTRSm": 2.88756e-05,
    "SERTRSm": 4.76164e-05,
    "GLYTRSm": 4.78964e-05,
    "ALATRSm": 4.61794e-05,
    "GLUTRSm_glutaminetrna": 1.39831e-05,
    "GatFABm": 1.39831e-05,
    "13GS": 0.0681777281,
    "2DDA7Ptm": -0.0189115003,
    "2OBUTtm": 0.0140207148,
    "2OXOADPtim": 0.0170864808,
    "34HPPt2m": 0.0071716892,
    "3C3HMPtm": -0.020270013,
    "3C4MOPtm": 9.78428e-05,
    "3MOBtm": -0.01541348,
    "3MOPtm": -0.0139486716,
    "5AOPtm": -1.1326e-05,
    "6PGLter": -0.0022454342,
    "AASAD1": 0.0170864808,
    "AATA": 0.0170864808,
    "ABTA": 2.7214e-06,
    "ACACT1m": 0.0067363026,
    "ACALDtm": -0.3993223014,
    "ACCOAC": 0.0901676899,
    "ACGKm": 0.0113148326,
    "ACHBSm": 0.0140207148,
    "ACLSm": 0.035683493,
    "ACOAHim": 0.185027882,
    "ACONTm": 0.1396425369,
    "ACOTAim": 0.0113148326,
    "ACS": 0.1117172004,
    "ACt2r": -0.0821979692,
    "ACtm": -0.185027882,
    "ADK1": 0.9452954919,
    "ADK1m": 0.0025189273,
    "ADK3": -0.4695771687,
    "ADK3m": -0.001377733,
    "ADNUC": 0.0045111902,
    "ADPT": 0.0045111902,
    "ADSK": 0.0088845662,
    "ADSL1r": 0.0081592791,
    "ADSL2r": 0.0065927924,
    "ADSS": 0.0081592791,
    "AGAT_SC": 0.00544288,
    "AGPRim": 0.0113148326,
    "AHCi": 0.0045111902,
    "AHMMPS": 2.7214e-06,
    "AICART": 0.0114992584,
    "AIRCr": 0.0065927924,
    "ALASm": 1.1326e-05,
    "ALATA_L": -0.0271627023,
    "ALATA_Lm": -4.03936e-05,
    "ALATRS": 0.0155318179,
    "ALCD2irm": 0.3993223014,
    "ANPRT": 0.0022110881,
    "ANS": 0.0022110881,
    "ARGSL": 0.0113148326,
    "ARGSS": 0.0113148326,
    "ARGTRS": 0.0101014473,
    "ARGTRSm": 1.48882e-05,
    "ARGt2m": 1.48882e-05,
    "ASAD": -0.0312819959,
    "ASNS1": 0.0117052059,
    "ASNTRS": 0.0116734326,
    "ASNTRSm": 3.17733e-05,
    "ASNt2m": 3.17733e-05,
    "ASPK": 0.0312819959,
    "ASPTA": -0.118304234,
    "ASPTAm": 0.0300389593,
    "ASPTRS": 0.0126210153,
    "ASPTRSm": 1.48329e-05,
    "ASPt2m": 0.0300537922,
    "ATPPRT": 0.004906466,
    "ATPS": 0.2576845439,
    "ATPS3m": 3.1450976411,
    "ATPtm_H": 3.1295240528,
    "BPNT": 0.0088845662,
    "C14STR": 0.0011227171,
    "C22STDS": 0.0011227171,
    "C24STRer": 0.0011227171,
    "C3STDH1": 0.0011227171,
    "C3STDH2": 0.0011227171,
    "C3STKR1": 0.0011227171,
    "C3STKR2": 0.0011227171,
    "C4STMO1": 0.0011227171,
    "C4STMO2": 0.0011227171,
    "C5STDS": 0.0011227171,
    "C8STI": 0.0011227171,
    "CAT": 0.0373351598,
    "CBPS": 0.0113148326,
    "CCP2m": 0.0746703196,
    "CHORM": 0.0167004122,
    "CHORS": 0.0189115003,
    "CITtam": -0.0923023979,
    "CITtbm": -0.0189115003,
    "CITtcm": 0.1112138983,
    "CO2t": -1.9745545504,
    "CO2tm": -0.5124561122,
    "COAtim": 0.0067363026,
    "CPPPGO": 1.1033e-06,
    "CSm": 0.1396425369,
    "CTPS1": 0.0023738987,
    "CYOOm": 1.3814009118,
    "CYOR_u6m": 2.9868127823,
    "CYSS": 0.0088845662,
    "CYSTL": 0.0043419628,
    "CYSTRS": 0.0024027294,
    "CYTK1": 0.0389382494,
    "CYTK2": 0.0002759346,
    "DAGPYP_SC": 0.0007353469,
    "DASYNm_SC": 0.0040509734,
    "DB4PS": 4.1468e-06,
    "DCMPDA": -0.0002759346,
    "DDPAm": 0.0189115003,
    "DHAD1m": 0.035683493,
    "DHAD2m": 0.0140207148,
    "DHFR": 0.0003580445,
    "DHQS": 0.0189115003,
    "DHQTi": 0.0189115003,
    "DMATT": 0.0022454342,
    "DOLPMMer": 0.0485375589,
    "DOLPMTcer": 0.0485375589,
    "DOLPt2er": -0.0485375589,
    "DPMVD": 0.0067363026,
    "DROPPRy": 2.0734e-06,
    "DRTPPD": 2.0734e-06,
    "DTMPK": 0.0003580445,
    "E4Ptm": 0.0189115003,
    "ENO": 1.2223806108,
    "ERGSTter": 0.0011227171,
    "ERGTETROLter": 0.0011227171,
    "ETOHt": -0.3993223014,
    "ETOHtm": -0.3993223014,
    "FACOAL140": 0.0045119065,
    "FACOAL161": 0.0019275937,
    "FACOAL180": 0.0002503837,
    "FACOAL181": 0.0027213087,
    "FACOAL182": 0.0010204908,
    "FAS100": 0.0117551201,
    "FAS100COA": 0.0009071029,
    "FAS120": 0.0118426114,
    "FAS120COA": 0.0006803272,
    "FAS140": 0.0121430718,
    "FAS160": 0.001610888,
    "FAS160COA": 0.0033780278,
    "FAS161": 0.0069642226,
    "FAS180COA": 0.0003165556,
    "FAS181": 0.0025830935,
    "FAS80COA_L": 0.0009071029,
    "FAS80_L": 0.0117551201,
    "FBA": 0.0825581868,
    "FBA3": 0.3832958672,
    "FCLTm": 1.1033e-06,
    "FDH": 0.0009107975,
    "FE2t": 7.4286e-06,
    "FE2utm": 6.8891e-06,
    "FMETTRSm": 3.1307e-06,
    "FMNAT": 1.8341e-06,
    "FORtm": 3.1307e-06,
    "FTHFLi": 0.0002212705,
    "FUM": 0.0260669041,
    "FUMm": -8.6046e-06,
    "G3PD1ir": 0.0168991806,
    "G3PT": 0.0114563006,
    "G5SADs": 0.010904627,
    "G5SD": 0.010904627,
    "G6PDH2r": 1.1483610692,
    "G6PDH2er": 0.0022454342,
    "G6Pter": 0.0022454342,
    "GALUi": 0.120730279,
    "GAPD": 1.2814043823,
    "GARFT": 0.0065955138,
    "GAT1_SC": 0.00544288,
    "GCALDt": -2.7214e-06,
    "GHMT2r": 0.0270846992,
    "GHMT2rm": 3.1307e-06,
    "GK1": 0.0380672953,
    "GLCS2": 0.0311496153,
    "GLCt1": 1.0610531025,
    "GLNS": 0.0557019028,
    "GLNTRS": 0.0079405256,
    "GLU5K": 0.010904627,
    "GLUCYS": 0.002126459,
    "GLUDxi": 1.5960745775,
    "GLUDy": -2.00988218,
    "GLUPRT": 0.0065955138,
    "GLUTRS": 0.0144824809,
    "GLUTRSm": 1.33421e-05,
    "GLYTRS": 0.0131357497,
    "GLYt2m": 5.60917e-05,
    "GMPS2": 0.0033399793,
    "GND": 1.1506065034,
    "GRTT": 0.0022454342,
    "GTHS": 0.002126459,
    "GTPCII": 2.0734e-06,
    "H2Ot": -2.7739767654,
    "H2Oter": -0.0011227171,
    "H2Otm": -5.7078810673,
    "HACNHm": 0.0170864808,
    "HCITSm": 0.0170864808,
    "HCO3E": 0.3375151742,
    "HEX1": 1.0610531025,
    "HICITDm": 0.0170864808,
    "HISTD": 0.004906466,
    "HISTP": 0.004906466,
    "HISTRS": 0.0045567164,
    "HISTRSm": 1.75298e-05,
    "HISt2m": -1.75298e-05,
    "HMBS": 1.4157e-06,
    "HMGCOAR": -0.0067363026,
    "HMGCOASm": -0.0067363026,
    "HMGCOAtm": -0.0067363026,
    "HMPK1": 2.7214e-06,
    "HSDy": 0.0312819959,
    "HSERTA": 2.7214e-06,
    "HSK": 0.0312792745,
    "HSTPT": 0.004906466,
    "ICDHyr": 0.1112138983,
    "ICDHym": 0.0284286386,
    "IG3PS": 0.004906466,
    "IGPDH": 0.004906466,
    "IGPS": 0.0022110881,
    "ILETA": -0.0139486716,
    "ILETAm": -7.20432e-05,
    "ILETRS": 0.0137393226,
    "ILETRSm": 7.20432e-05,
    "IMPC": -0.0114992584,
    "IMPD": 0.0033399793,
    "IPDDI": 0.0022454342,
    "IPMD": 0.020270013,
    "IPPMIa": -0.020270013,
    "IPPMIb": -0.020270013,
    "IPPSm": 0.020270013,
    "KARA1im": 0.035683493,
    "KARA2im": 0.0140207148,
    "Kt2r": 3.404e-06,
    "LEUTA": -0.0201721702,
    "LEUTAm": -9.78428e-05,
    "LEUTRS": 0.0199628212,
    "LEUTRSm": 9.78428e-05,
    "LNS14DMx": 0.0011227171,
    "LNSTLS": 0.0011227171,
    "LPCAT_SC": 0.0004530262,
    "LYSTRS": 0.0170729713,
    "LYSTRSm": 1.35095e-05,
    "LYSt2m": 1.35095e-05,
    "MALtm": -0.0597065223,
    "MAN1PT": 0.0485375589,
    "MAN6PI": -0.0485375589,